:START_ID,relationship,:END_ID,:TYPE
165094,发行股票,379962,发行股票
113685,发行股票,379848,发行股票
165990,发行股票,378300,发行股票
184508,发行股票,376732,发行股票
43952,发行股票,377626,发行股票
95150,发行股票,377870,发行股票
158833,发行股票,378466,发行股票
158833,发行股票,378870,发行股票
161262,发行股票,380695,发行股票
152205,发行股票,378302,发行股票
152205,发行股票,379152,发行股票
64797,发行股票,378433,发行股票
22220,发行股票,379859,发行股票
76931,发行股票,377550,发行股票
180918,发行股票,375997,发行股票
186444,发行股票,375787,发行股票
229659,发行股票,381059,发行股票
234175,发行股票,380655,发行股票
237939,发行股票,378021,发行股票
237939,发行股票,378084,发行股票
109084,发行股票,378214,发行股票
163491,发行股票,378894,发行股票
225618,发行股票,378538,发行股票
198827,发行股票,376465,发行股票
60378,发行股票,375979,发行股票
24811,发行股票,380623,发行股票
24811,发行股票,380556,发行股票
234676,发行股票,377618,发行股票
234676,发行股票,379861,发行股票
158245,发行股票,376531,发行股票
198307,发行股票,381248,发行股票
198307,发行股票,380498,发行股票
6928,发行股票,380776,发行股票
173,发行股票,379044,发行股票
98533,发行股票,376402,发行股票
51817,发行股票,380677,发行股票
22075,发行股票,379057,发行股票
222998,发行股票,376408,发行股票
192346,发行股票,380413,发行股票
80492,发行股票,379179,发行股票
205397,发行股票,377574,发行股票
26849,发行股票,380047,发行股票
22328,发行股票,379446,发行股票
245015,发行股票,379785,发行股票
112756,发行股票,375866,发行股票
227224,发行股票,379826,发行股票
223013,发行股票,378803,发行股票
214528,发行股票,376362,发行股票
193550,发行股票,380719,发行股票
43083,发行股票,377299,发行股票
102141,发行股票,377102,发行股票
235055,发行股票,379677,发行股票
237891,发行股票,379393,发行股票
237891,发行股票,377570,发行股票
29028,发行股票,380293,发行股票
201663,发行股票,377728,发行股票
162951,发行股票,380169,发行股票
201653,发行股票,380298,发行股票
104475,发行股票,379391,发行股票
108749,发行股票,378884,发行股票
106378,发行股票,380390,发行股票
71624,发行股票,381273,发行股票
35948,发行股票,380627,发行股票
142466,发行股票,380607,发行股票
64860,发行股票,380141,发行股票
105214,发行股票,380614,发行股票
64411,发行股票,380786,发行股票
152268,发行股票,376142,发行股票
152268,发行股票,380247,发行股票
236692,发行股票,377139,发行股票
106185,发行股票,377708,发行股票
149937,发行股票,380675,发行股票
196497,发行股票,380491,发行股票
46273,发行股票,379986,发行股票
37196,发行股票,378903,发行股票
38573,发行股票,375669,发行股票
101259,发行股票,378408,发行股票
25604,发行股票,377212,发行股票
240952,发行股票,378411,发行股票
240952,发行股票,378063,发行股票
62479,发行股票,379285,发行股票
33841,发行股票,376882,发行股票
38469,发行股票,380240,发行股票
195466,发行股票,379346,发行股票
214805,发行股票,376777,发行股票
21639,发行股票,377099,发行股票
131203,发行股票,378389,发行股票
131203,发行股票,379435,发行股票
186924,发行股票,378139,发行股票
244637,发行股票,381257,发行股票
244637,发行股票,377518,发行股票
22037,发行股票,380203,发行股票
22037,发行股票,377319,发行股票
73652,发行股票,380253,发行股票
102261,发行股票,378530,发行股票
168825,发行股票,378103,发行股票
450,发行股票,378478,发行股票
189802,发行股票,378528,发行股票
25909,发行股票,380533,发行股票
100827,发行股票,377704,发行股票
87280,发行股票,377152,发行股票
244690,发行股票,380350,发行股票
76160,发行股票,375961,发行股票
121499,发行股票,377110,发行股票
143872,发行股票,379360,发行股票
163019,发行股票,377183,发行股票
244780,发行股票,379626,发行股票
244780,发行股票,376830,发行股票
37840,发行股票,379601,发行股票
244835,发行股票,380906,发行股票
244835,发行股票,377388,发行股票
223267,发行股票,377192,发行股票
232302,发行股票,378491,发行股票
38364,发行股票,377292,发行股票
153754,发行股票,377121,发行股票
147096,发行股票,378637,发行股票
14573,发行股票,380255,发行股票
81899,发行股票,378558,发行股票
113647,发行股票,379366,发行股票
107698,发行股票,377060,发行股票
149351,发行股票,380494,发行股票
126202,发行股票,381157,发行股票
183945,发行股票,376855,发行股票
98492,发行股票,378245,发行股票
98099,发行股票,381232,发行股票
76433,发行股票,380774,发行股票
123064,发行股票,381292,发行股票
244878,发行股票,379561,发行股票
244878,发行股票,381202,发行股票
160262,发行股票,378673,发行股票
69760,发行股票,379543,发行股票
69927,发行股票,377939,发行股票
24180,发行股票,378798,发行股票
163880,发行股票,378698,发行股票
220628,发行股票,377705,发行股票
26701,发行股票,379030,发行股票
6144,发行股票,376995,发行股票
237682,发行股票,377489,发行股票
237682,发行股票,380951,发行股票
27646,发行股票,376280,发行股票
18609,发行股票,378312,发行股票
149603,发行股票,376786,发行股票
664,发行股票,380685,发行股票
188480,发行股票,380874,发行股票
223349,发行股票,375767,发行股票
29681,发行股票,380385,发行股票
166054,发行股票,380417,发行股票
106634,发行股票,380147,发行股票
108835,发行股票,377071,发行股票
3038,发行股票,377103,发行股票
241398,发行股票,380073,发行股票
25414,发行股票,378462,发行股票
74890,发行股票,379481,发行股票
39998,发行股票,376604,发行股票
62599,发行股票,379999,发行股票
105143,发行股票,378418,发行股票
105143,发行股票,379853,发行股票
105143,发行股票,379529,发行股票
45829,发行股票,381189,发行股票
112881,发行股票,376319,发行股票
163582,发行股票,380254,发行股票
244685,发行股票,379777,发行股票
40680,发行股票,378621,发行股票
26569,发行股票,378456,发行股票
160323,发行股票,381007,发行股票
39888,发行股票,378033,发行股票
187699,发行股票,377827,发行股票
19582,发行股票,381115,发行股票
244847,发行股票,380635,发行股票
244847,发行股票,380430,发行股票
36701,发行股票,377819,发行股票
416,发行股票,380551,发行股票
143144,发行股票,378310,发行股票
100208,发行股票,378217,发行股票
228229,发行股票,378705,发行股票
50464,发行股票,379680,发行股票
198132,发行股票,378906,发行股票
202227,发行股票,377054,发行股票
163240,发行股票,376697,发行股票
112609,发行股票,376192,发行股票
1091,发行股票,376787,发行股票
131938,发行股票,375800,发行股票
17142,发行股票,375791,发行股票
106508,发行股票,377924,发行股票
49037,发行股票,376134,发行股票
148649,发行股票,379495,发行股票
36834,发行股票,380572,发行股票
16150,发行股票,379919,发行股票
201608,发行股票,380894,发行股票
210046,发行股票,377994,发行股票
104738,发行股票,378288,发行股票
244759,发行股票,376132,发行股票
244759,发行股票,375921,发行股票
48494,发行股票,376821,发行股票
244837,发行股票,380202,发行股票
32017,发行股票,379084,发行股票
221640,发行股票,380994,发行股票
197917,发行股票,377524,发行股票
74569,发行股票,378613,发行股票
37778,发行股票,379899,发行股票
206878,发行股票,377098,发行股票
224122,发行股票,377516,发行股票
244816,发行股票,376538,发行股票
44386,发行股票,381272,发行股票
58303,发行股票,375931,发行股票
66893,发行股票,378710,发行股票
153704,发行股票,380078,发行股票
148194,发行股票,379164,发行股票
184199,发行股票,380048,发行股票
116478,发行股票,380944,发行股票
186451,发行股票,378596,发行股票
129492,发行股票,380862,发行股票
64126,发行股票,378647,发行股票
196647,发行股票,380682,发行股票
202696,发行股票,381314,发行股票
15233,发行股票,381297,发行股票
38733,发行股票,377766,发行股票
57269,发行股票,378238,发行股票
196798,发行股票,379828,发行股票
134860,发行股票,376439,发行股票
106384,发行股票,376788,发行股票
24993,发行股票,380173,发行股票
24993,发行股票,381086,发行股票
26820,发行股票,376095,发行股票
148445,发行股票,375932,发行股票
201850,发行股票,378907,发行股票
50760,发行股票,377106,发行股票
149948,发行股票,378568,发行股票
124911,发行股票,378668,发行股票
93728,发行股票,376802,发行股票
25313,发行股票,375917,发行股票
59057,发行股票,380564,发行股票
200632,发行股票,376674,发行股票
49475,发行股票,377184,发行股票
16206,发行股票,377941,发行股票
84160,发行股票,376468,发行股票
99752,发行股票,376829,发行股票
41395,发行股票,376930,发行股票
23715,发行股票,377519,发行股票
12337,发行股票,376138,发行股票
197089,发行股票,380126,发行股票
186477,发行股票,378598,发行股票
78565,发行股票,380291,发行股票
198218,发行股票,377108,发行股票
234469,发行股票,379860,发行股票
197830,发行股票,378349,发行股票
880,发行股票,380324,发行股票
41418,发行股票,379188,发行股票
41418,发行股票,380684,发行股票
216068,发行股票,379791,发行股票
33864,发行股票,378878,发行股票
244829,发行股票,380454,发行股票
187601,发行股票,380236,发行股票
150948,发行股票,378419,发行股票
89497,发行股票,381150,发行股票
162064,发行股票,378930,发行股票
22317,发行股票,378646,发行股票
91568,发行股票,376954,发行股票
224050,发行股票,379705,发行股票
244714,发行股票,376504,发行股票
182600,发行股票,380937,发行股票
158232,发行股票,380204,发行股票
117511,发行股票,377324,发行股票
30136,发行股票,377234,发行股票
30136,发行股票,376243,发行股票
31742,发行股票,376644,发行股票
108037,发行股票,376516,发行股票
90897,发行股票,379709,发行股票
8838,发行股票,378050,发行股票
193140,发行股票,377812,发行股票
179661,发行股票,379883,发行股票
74496,发行股票,378164,发行股票
82061,发行股票,380639,发行股票
98180,发行股票,379614,发行股票
44107,发行股票,378194,发行股票
113519,发行股票,380227,发行股票
41177,发行股票,375843,发行股票
87184,发行股票,378053,发行股票
100308,发行股票,377663,发行股票
184376,发行股票,380652,发行股票
194642,发行股票,380919,发行股票
244737,发行股票,376533,发行股票
113401,发行股票,379123,发行股票
200366,发行股票,377378,发行股票
100291,发行股票,376785,发行股票
25561,发行股票,376086,发行股票
63391,发行股票,376278,发行股票
8698,发行股票,378717,发行股票
42101,发行股票,381306,发行股票
225029,发行股票,377916,发行股票
116709,发行股票,378498,发行股票
228571,发行股票,379458,发行股票
112568,发行股票,378996,发行股票
31936,发行股票,379722,发行股票
226649,发行股票,375881,发行股票
111676,发行股票,381215,发行股票
25619,发行股票,377446,发行股票
162565,发行股票,377844,发行股票
154148,发行股票,380336,发行股票
83506,发行股票,376297,发行股票
127786,发行股票,380476,发行股票
176270,发行股票,379625,发行股票
26416,发行股票,377556,发行股票
26416,发行股票,376675,发行股票
223876,发行股票,378960,发行股票
64667,发行股票,377958,发行股票
183759,发行股票,380671,发行股票
87084,发行股票,377810,发行股票
8356,发行股票,376107,发行股票
60877,发行股票,379758,发行股票
213063,发行股票,376207,发行股票
79590,发行股票,379265,发行股票
132250,发行股票,377628,发行股票
244638,发行股票,380887,发行股票
181943,发行股票,376073,发行股票
156745,发行股票,379938,发行股票
9515,发行股票,377825,发行股票
113168,发行股票,376972,发行股票
84079,发行股票,376085,发行股票
61003,发行股票,377802,发行股票
176970,发行股票,380266,发行股票
235138,发行股票,376364,发行股票
123096,发行股票,376658,发行股票
129920,发行股票,376859,发行股票
225795,发行股票,379174,发行股票
161528,发行股票,377897,发行股票
58800,发行股票,377659,发行股票
129968,发行股票,376212,发行股票
22440,发行股票,379831,发行股票
138123,发行股票,377787,发行股票
6033,发行股票,381268,发行股票
24090,发行股票,376676,发行股票
8692,发行股票,378600,发行股票
205691,发行股票,379137,发行股票
189078,发行股票,380762,发行股票
215380,发行股票,376688,发行股票
214166,发行股票,379002,发行股票
150737,发行股票,379010,发行股票
94493,发行股票,376493,发行股票
7298,发行股票,379507,发行股票
7298,发行股票,379585,发行股票
37104,发行股票,376238,发行股票
75861,发行股票,376014,发行股票
7881,发行股票,380525,发行股票
23201,发行股票,378347,发行股票
212724,发行股票,378657,发行股票
64119,发行股票,377753,发行股票
150929,发行股票,378042,发行股票
50440,发行股票,378736,发行股票
160678,发行股票,378067,发行股票
193320,发行股票,375725,发行股票
22571,发行股票,378162,发行股票
88654,发行股票,376909,发行股票
155000,发行股票,379485,发行股票
161633,发行股票,378766,发行股票
205073,发行股票,376899,发行股票
84981,发行股票,377725,发行股票
26674,发行股票,377969,发行股票
112677,发行股票,380497,发行股票
146367,发行股票,377638,发行股票
134601,发行股票,380890,发行股票
106168,发行股票,377441,发行股票
227244,发行股票,376121,发行股票
44749,发行股票,380201,发行股票
67595,发行股票,377431,发行股票
244819,发行股票,377852,发行股票
148037,发行股票,378356,发行股票
26824,发行股票,381237,发行股票
244827,发行股票,380804,发行股票
232047,发行股票,375956,发行股票
151619,发行股票,377038,发行股票
150117,发行股票,378880,发行股票
60031,发行股票,378900,发行股票
113693,发行股票,376434,发行股票
147971,发行股票,380164,发行股票
143416,发行股票,381026,发行股票
244824,发行股票,375712,发行股票
113307,发行股票,380973,发行股票
172752,发行股票,380471,发行股票
206227,发行股票,379992,发行股票
161564,发行股票,379985,发行股票
123088,发行股票,376460,发行股票
131495,发行股票,375935,发行股票
74342,发行股票,379693,发行股票
142261,发行股票,377031,发行股票
152064,发行股票,380084,发行股票
31052,发行股票,378231,发行股票
226847,发行股票,378153,发行股票
182160,发行股票,380092,发行股票
150662,发行股票,381159,发行股票
24402,发行股票,380886,发行股票
183385,发行股票,379011,发行股票
32383,发行股票,378484,发行股票
182194,发行股票,377764,发行股票
149081,发行股票,379538,发行股票
96175,发行股票,376100,发行股票
148007,发行股票,378831,发行股票
143951,发行股票,379292,发行股票
210792,发行股票,379501,发行股票
148992,发行股票,378493,发行股票
215845,发行股票,380290,发行股票
142997,发行股票,379423,发行股票
142664,发行股票,379833,发行股票
37332,发行股票,381116,发行股票
134856,发行股票,376588,发行股票
79017,发行股票,377709,发行股票
244681,发行股票,377735,发行股票
244681,发行股票,379284,发行股票
101575,发行股票,377066,发行股票
9738,发行股票,380396,发行股票
223286,发行股票,377090,发行股票
150889,发行股票,376221,发行股票
161402,发行股票,379802,发行股票
130219,发行股票,375632,发行股票
69764,发行股票,376185,发行股票
8937,发行股票,381313,发行股票
173158,发行股票,379504,发行股票
221865,发行股票,377283,发行股票
127285,发行股票,378582,发行股票
223922,发行股票,380860,发行股票
190782,发行股票,379786,发行股票
159084,发行股票,378319,发行股票
63171,发行股票,376406,发行股票
155936,发行股票,377765,发行股票
174898,发行股票,377624,发行股票
185432,发行股票,377925,发行股票
28898,发行股票,379794,发行股票
223011,发行股票,377769,发行股票
116920,发行股票,378116,发行股票
62584,发行股票,380159,发行股票
87255,发行股票,377356,发行股票
173190,发行股票,380117,发行股票
147763,发行股票,379632,发行股票
47909,发行股票,378512,发行股票
100281,发行股票,379392,发行股票
131115,发行股票,381020,发行股票
244656,发行股票,376578,发行股票
116009,发行股票,377854,发行股票
176113,发行股票,376473,发行股票
125867,发行股票,377970,发行股票
22602,发行股票,377171,发行股票
146116,发行股票,376213,发行股票
29483,发行股票,377124,发行股票
149727,发行股票,380657,发行股票
104502,发行股票,379170,发行股票
231449,发行股票,378076,发行股票
234048,发行股票,379103,发行股票
92692,发行股票,377393,发行股票
64763,发行股票,377131,发行股票
132089,发行股票,380177,发行股票
19502,发行股票,379005,发行股票
202976,发行股票,376635,发行股票
183427,发行股票,379248,发行股票
99786,发行股票,378391,发行股票
51146,发行股票,376234,发行股票
109179,发行股票,375623,发行股票
148024,发行股票,376525,发行股票
104948,发行股票,381286,发行股票
100625,发行股票,378939,发行股票
122187,发行股票,379208,发行股票
154348,发行股票,376124,发行股票
147867,发行股票,375706,发行股票
162008,发行股票,378871,发行股票
133103,发行股票,380578,发行股票
9572,发行股票,378807,发行股票
44252,发行股票,377243,发行股票
37848,发行股票,377162,发行股票
211530,发行股票,377429,发行股票
45739,发行股票,378838,发行股票
193683,发行股票,381125,发行股票
133821,发行股票,379532,发行股票
150778,发行股票,378623,发行股票
13943,发行股票,380824,发行股票
80708,发行股票,379211,发行股票
38340,发行股票,378833,发行股票
5384,发行股票,381167,发行股票
160846,发行股票,377759,发行股票
68186,发行股票,379721,发行股票
196865,发行股票,381315,发行股票
211547,发行股票,375708,发行股票
105758,发行股票,380604,发行股票
196770,发行股票,377798,发行股票
199052,发行股票,376205,发行股票
30397,发行股票,376113,发行股票
215988,发行股票,379124,发行股票
177455,发行股票,379147,发行股票
38757,发行股票,378267,发行股票
70148,发行股票,378257,发行股票
47763,发行股票,376286,发行股票
47763,发行股票,376400,发行股票
100246,发行股票,377896,发行股票
208049,发行股票,377718,发行股票
10580,发行股票,380702,发行股票
208761,发行股票,377560,发行股票
110901,发行股票,378226,发行股票
64654,发行股票,379244,发行股票
244711,发行股票,378630,发行股票
244711,发行股票,376818,发行股票
148879,发行股票,376807,发行股票
183086,发行股票,376897,发行股票
94543,发行股票,380575,发行股票
112321,发行股票,378494,发行股票
135024,发行股票,380591,发行股票
200134,发行股票,380434,发行股票
190493,发行股票,376928,发行股票
557,发行股票,376570,发行股票
557,发行股票,378272,发行股票
200446,发行股票,376287,发行股票
24777,发行股票,377499,发行股票
20665,发行股票,375770,发行股票
74298,发行股票,380793,发行股票
119756,发行股票,380366,发行股票
75777,发行股票,375833,发行股票
147667,发行股票,379787,发行股票
162220,发行股票,376690,发行股票
64603,发行股票,376119,发行股票
27640,发行股票,376358,发行股票
27640,发行股票,378087,发行股票
132124,发行股票,379286,发行股票
116801,发行股票,377771,发行股票
12714,发行股票,376945,发行股票
90139,发行股票,378695,发行股票
163288,发行股票,375771,发行股票
144819,发行股票,380104,发行股票
170617,发行股票,376346,发行股票
114685,发行股票,379706,发行股票
206221,发行股票,377154,发行股票
244972,发行股票,377361,发行股票
244972,发行股票,379227,发行股票
164783,发行股票,377653,发行股票
167403,发行股票,381176,发行股票
210087,发行股票,375751,发行股票
148854,发行股票,375941,发行股票
148854,发行股票,380613,发行股票
223315,发行股票,377784,发行股票
102074,发行股票,379053,发行股票
223060,发行股票,376901,发行股票
195222,发行股票,379545,发行股票
113726,发行股票,380521,发行股票
38838,发行股票,376605,发行股票
165325,发行股票,378955,发行股票
38160,发行股票,378443,发行股票
240997,发行股票,378506,发行股票
8154,发行股票,379636,发行股票
24518,发行股票,378048,发行股票
215929,发行股票,376964,发行股票
172157,发行股票,380464,发行股票
135713,发行股票,380725,发行股票
223043,发行股票,378830,发行股票
84598,发行股票,379317,发行股票
20594,发行股票,377635,发行股票
244894,发行股票,377015,发行股票
244894,发行股票,377740,发行股票
211170,发行股票,375729,发行股票
97087,发行股票,381288,发行股票
64325,发行股票,378570,发行股票
64325,发行股票,380065,发行股票
115032,发行股票,378163,发行股票
201612,发行股票,376418,发行股票
223154,发行股票,379361,发行股票
172012,发行股票,377727,发行股票
227693,发行股票,379339,发行股票
210939,发行股票,375782,发行股票
26629,发行股票,380499,发行股票
99038,发行股票,377209,发行股票
223378,发行股票,377641,发行股票
156122,发行股票,378615,发行股票
161069,发行股票,377904,发行股票
84624,发行股票,380729,发行股票
84624,发行股票,377160,发行股票
150652,发行股票,378291,发行股票
228605,发行股票,377500,发行股票
221540,发行股票,375848,发行股票
223149,发行股票,381118,发行股票
190872,发行股票,381298,发行股票
26856,发行股票,379963,发行股票
26831,发行股票,378151,发行股票
204252,发行股票,377111,发行股票
14687,发行股票,380669,发行股票
129171,发行股票,380224,发行股票
175969,发行股票,379256,发行股票
81611,发行股票,377968,发行股票
223061,发行股票,381228,发行股票
61656,发行股票,378728,发行股票
61656,发行股票,378364,发行股票
84354,发行股票,380904,发行股票
94973,发行股票,376398,发行股票
49377,发行股票,379183,发行股票
49377,发行股票,379308,发行股票
161048,发行股票,379810,发行股票
112759,发行股票,380106,发行股票
101828,发行股票,381080,发行股票
183690,发行股票,379080,发行股票
244800,发行股票,380769,发行股票
83897,发行股票,376081,发行股票
45641,发行股票,378011,发行股票
62554,发行股票,380851,发行股票
183533,发行股票,378950,发行股票
215935,发行股票,375630,发行股票
163586,发行股票,379255,发行股票
590,发行股票,379347,发行股票
160636,发行股票,378944,发行股票
64424,发行股票,376819,发行股票
104801,发行股票,380019,发行股票
7269,发行股票,380383,发行股票
204917,发行股票,377652,发行股票
24907,发行股票,381168,发行股票
93523,发行股票,379832,发行股票
205880,发行股票,380337,发行股票
163227,发行股票,380595,发行股票
111888,发行股票,377733,发行股票
186183,发行股票,380830,发行股票
202457,发行股票,377834,发行股票
117693,发行股票,376353,发行股票
213333,发行股票,377668,发行股票
98004,发行股票,379583,发行股票
193612,发行股票,379129,发行股票
44256,发行股票,379904,发行股票
108672,发行股票,377374,发行股票
244849,发行股票,375716,发行股票
99880,发行股票,379735,发行股票
22420,发行股票,376734,发行股票
49557,发行股票,376596,发行股票
226155,发行股票,377495,发行股票
66426,发行股票,377955,发行股票
71362,发行股票,375734,发行股票
125285,发行股票,379457,发行股票
211410,发行股票,380642,发行股票
160617,发行股票,378247,发行股票
193794,发行股票,378590,发行股票
122084,发行股票,380629,发行股票
201327,发行股票,379974,发行股票
7902,发行股票,379778,发行股票
70665,发行股票,379681,发行股票
23634,发行股票,380656,发行股票
64726,发行股票,379876,发行股票
25807,发行股票,379155,发行股票
24533,发行股票,378604,发行股票
227963,发行股票,379334,发行股票
223972,发行股票,379309,发行股票
234450,发行股票,380741,发行股票
180457,发行股票,377136,发行股票
210474,发行股票,378295,发行股票
44578,发行股票,379723,发行股票
170986,发行股票,380990,发行股票
83443,发行股票,379717,发行股票
197284,发行股票,380688,发行股票
21115,发行股票,377188,发行股票
67174,发行股票,377113,发行股票
226831,发行股票,378676,发行股票
225409,发行股票,379032,发行股票
24407,发行股票,375731,发行股票
76414,发行股票,376714,发行股票
87101,发行股票,377607,发行股票
31614,发行股票,380088,发行股票
118395,发行股票,377557,发行股票
128080,发行股票,376825,发行股票
44509,发行股票,376265,发行股票
189116,发行股票,379838,发行股票
31605,发行股票,376511,发行股票
160881,发行股票,380982,发行股票
187598,发行股票,378205,发行股票
64888,发行股票,376036,发行股票
112490,发行股票,379597,发行股票
161842,发行股票,377613,发行股票
117978,发行股票,379476,发行股票
112286,发行股票,375834,发行股票
15319,发行股票,377522,发行股票
29066,发行股票,380665,发行股票
199082,发行股票,379500,发行股票
139169,发行股票,379140,发行股票
179433,发行股票,376020,发行股票
41897,发行股票,376158,发行股票
183535,发行股票,381218,发行股票
175100,发行股票,379554,发行股票
192322,发行股票,378980,发行股票
141854,发行股票,377808,发行股票
39199,发行股票,376548,发行股票
66315,发行股票,377357,发行股票
206119,发行股票,377174,发行股票
142923,发行股票,379639,发行股票
128174,发行股票,375688,发行股票
150083,发行股票,376229,发行股票
150799,发行股票,380562,发行股票
20977,发行股票,378113,发行股票
100836,发行股票,378173,发行股票
213936,发行股票,379932,发行股票
59019,发行股票,377402,发行股票
28017,发行股票,379280,发行股票
224170,发行股票,378303,发行股票
228589,发行股票,378342,发行股票
204360,发行股票,376475,发行股票
141048,发行股票,379559,发行股票
185194,发行股票,380302,发行股票
139266,发行股票,377273,发行股票
41231,发行股票,380852,发行股票
24709,发行股票,380479,发行股票
24709,发行股票,379115,发行股票
110040,发行股票,376980,发行股票
109267,发行股票,377485,发行股票
190549,发行股票,375991,发行股票
106432,发行股票,377670,发行股票
22226,发行股票,376727,发行股票
111611,发行股票,375790,发行股票
81732,发行股票,380796,发行股票
176675,发行股票,378556,发行股票
22449,发行股票,381197,发行股票
201097,发行股票,377995,发行股票
179315,发行股票,379912,发行股票
148810,发行股票,380129,发行股票
10946,发行股票,377734,发行股票
204458,发行股票,380882,发行股票
128605,发行股票,380550,发行股票
218513,发行股票,381031,发行股票
128784,发行股票,380763,发行股票
106409,发行股票,380869,发行股票
77317,发行股票,377476,发行股票
58358,发行股票,377467,发行股票
190965,发行股票,377360,发行股票
196526,发行股票,379474,发行股票
174568,发行股票,378447,发行股票
130634,发行股票,379395,发行股票
95868,发行股票,376365,发行股票
166103,发行股票,378507,发行股票
193213,发行股票,379858,发行股票
80040,发行股票,377249,发行股票
173945,发行股票,379221,发行股票
199267,发行股票,378385,发行股票
79665,发行股票,377506,发行股票
135291,发行股票,380815,发行股票
224586,发行股票,378553,发行股票
100568,发行股票,375998,发行股票
161377,发行股票,380674,发行股票
113541,发行股票,380758,发行股票
105873,发行股票,381154,发行股票
80096,发行股票,377776,发行股票
225258,发行股票,376427,发行股票
42817,发行股票,376441,发行股票
75008,发行股票,376444,发行股票
124667,发行股票,379020,发行股票
123730,发行股票,381127,发行股票
155404,发行股票,380519,发行股票
6718,发行股票,375970,发行股票
40293,发行股票,380748,发行股票
181383,发行股票,377214,发行股票
185730,发行股票,380777,发行股票
96319,发行股票,376648,发行股票
22334,发行股票,377530,发行股票
45777,发行股票,376327,发行股票
226994,发行股票,380582,发行股票
73113,发行股票,376639,发行股票
194336,发行股票,375620,发行股票
24003,发行股票,378402,发行股票
106139,发行股票,379981,发行股票
110353,发行股票,380237,发行股票
175169,发行股票,380066,发行股票
135737,发行股票,380263,发行股票
155021,发行股票,378187,发行股票
80842,发行股票,380791,发行股票
141817,发行股票,376470,发行股票
99989,发行股票,380326,发行股票
223335,发行股票,380670,发行股票
140633,发行股票,376623,发行股票
174533,发行股票,378353,发行股票
63908,发行股票,379104,发行股票
109614,发行股票,379078,发行股票
121911,发行股票,381139,发行股票
93342,发行股票,376376,发行股票
244741,发行股票,376063,发行股票
99939,发行股票,376932,发行股票
105043,发行股票,376784,发行股票
19832,发行股票,380373,发行股票
147853,发行股票,377000,发行股票
87269,发行股票,376472,发行股票
236941,发行股票,377412,发行股票
143345,发行股票,379372,发行股票
179672,发行股票,378361,发行股票
157602,发行股票,378782,发行股票
210975,发行股票,376640,发行股票
119407,发行股票,379480,发行股票
155325,发行股票,375732,发行股票
133174,发行股票,376314,发行股票
105708,发行股票,377782,发行股票
126869,发行股票,376776,发行股票
210847,发行股票,376780,发行股票
63382,发行股票,377284,发行股票
121078,发行股票,377749,发行股票
244995,发行股票,375819,发行股票
244995,发行股票,376916,发行股票
204382,发行股票,380070,发行股票
202674,发行股票,379698,发行股票
25459,发行股票,376996,发行股票
178988,发行股票,379050,发行股票
14327,发行股票,378465,发行股票
104659,发行股票,380392,发行股票
161493,发行股票,380662,发行股票
203097,发行股票,379056,发行股票
29370,发行股票,380038,发行股票
45982,发行股票,381085,发行股票
12207,发行股票,377104,发行股票
37789,发行股票,376367,发行股票
4619,发行股票,379287,发行股票
150446,发行股票,380501,发行股票
117663,发行股票,378521,发行股票
106140,发行股票,376190,发行股票
204231,发行股票,377157,发行股票
79809,发行股票,378184,发行股票
79809,发行股票,376514,发行股票
113529,发行股票,380346,发行股票
26710,发行股票,378133,发行股票
73667,发行股票,377548,发行股票
194972,发行股票,376164,发行股票
125283,发行股票,379069,发行股票
185609,发行股票,381209,发行股票
9726,发行股票,376839,发行股票
14992,发行股票,380105,发行股票
207130,发行股票,376934,发行股票
7448,发行股票,378237,发行股票
317,发行股票,376226,发行股票
161188,发行股票,376299,发行股票
94644,发行股票,377864,发行股票
214241,发行股票,377681,发行股票
79193,发行股票,377946,发行股票
33965,发行股票,375786,发行股票
105072,发行股票,377649,发行股票
215768,发行股票,376748,发行股票
23749,发行股票,375959,发行股票
229290,发行股票,379574,发行股票
117460,发行股票,376687,发行股票
196869,发行股票,381062,发行股票
163256,发行股票,376553,发行股票
862,发行股票,375824,发行股票
71468,发行股票,377012,发行股票
152498,发行股票,380573,发行股票
92878,发行股票,376907,发行股票
160311,发行股票,378286,发行股票
149137,发行股票,376989,发行股票
234046,发行股票,378060,发行股票
118151,发行股票,379946,发行股票
207366,发行股票,377577,发行股票
111536,发行股票,380634,发行股票
22285,发行股票,380579,发行股票
124582,发行股票,380735,发行股票
3740,发行股票,378531,发行股票
231541,发行股票,377176,发行股票
29479,发行股票,378027,发行股票
58593,发行股票,380840,发行股票
150570,发行股票,377248,发行股票
200248,发行股票,376445,发行股票
200248,发行股票,381321,发行股票
65086,发行股票,381280,发行股票
225005,发行股票,380082,发行股票
112276,发行股票,378879,发行股票
87020,发行股票,378890,发行股票
112893,发行股票,375794,发行股票
37823,发行股票,380565,发行股票
36386,发行股票,377158,发行股票
396,发行股票,377454,发行股票
149221,发行股票,381246,发行股票
25110,发行股票,377567,发行股票
230767,发行股票,379692,发行股票
177578,发行股票,377298,发行股票
125004,发行股票,376563,发行股票
19222,发行股票,379741,发行股票
143022,发行股票,378814,发行股票
58618,发行股票,377352,发行股票
175006,发行股票,379412,发行股票
156106,发行股票,378703,发行股票
129724,发行股票,378355,发行股票
61312,发行股票,378943,发行股票
72275,发行股票,380896,发行股票
1089,发行股票,377193,发行股票
162837,发行股票,379143,发行股票
189812,发行股票,375635,发行股票
14769,发行股票,375715,发行股票
98222,发行股票,379021,发行股票
148976,发行股票,380778,发行股票
69998,发行股票,380678,发行股票
208908,发行股票,377903,发行股票
70323,发行股票,377014,发行股票
205013,发行股票,375892,发行股票
5602,发行股票,377971,发行股票
136339,发行股票,378316,发行股票
84026,发行股票,375968,发行股票
9268,发行股票,376764,发行股票
103502,发行股票,379252,发行股票
11051,发行股票,378262,发行股票
244792,发行股票,378105,发行股票
206127,发行股票,378176,发行股票
44858,发行股票,378534,发行股票
162306,发行股票,376333,发行股票
200587,发行股票,377179,发行股票
126424,发行股票,377173,发行股票
24226,发行股票,380239,发行股票
24226,发行股票,378258,发行股票
190445,发行股票,377220,发行股票
150738,发行股票,376692,发行股票
139399,发行股票,378801,发行股票
110747,发行股票,381301,发行股票
96747,发行股票,379324,发行股票
137710,发行股票,380534,发行股票
244734,发行股票,378329,发行股票
80907,发行股票,377483,发行股票
210978,发行股票,375990,发行股票
63870,发行股票,376813,发行股票
180429,发行股票,380198,发行股票
39607,发行股票,379959,发行股票
114115,发行股票,376277,发行股票
112392,发行股票,378760,发行股票
235520,发行股票,379217,发行股票
222092,发行股票,375719,发行股票
63176,发行股票,378748,发行股票
122491,发行股票,381206,发行股票
139643,发行股票,378989,发行股票
38322,发行股票,378510,发行股票
148055,发行股票,376361,发行股票
1065,发行股票,378768,发行股票
140905,发行股票,376689,发行股票
93945,发行股票,377425,发行股票
166057,发行股票,378595,发行股票
15928,发行股票,380374,发行股票
101520,发行股票,376860,发行股票
43813,发行股票,376965,发行股票
105384,发行股票,378450,发行股票
161748,发行股票,376173,发行股票
68122,发行股票,379604,发行股票
130742,发行股票,379840,发行股票
223065,发行股票,380707,发行股票
24055,发行股票,376979,发行股票
78992,发行股票,379503,发行股票
119774,发行股票,377253,发行股票
164992,发行股票,381267,发行股票
26699,发行股票,380151,发行股票
190205,发行股票,379935,发行股票
229817,发行股票,380843,发行股票
31987,发行股票,375714,发行股票
158875,发行股票,380643,发行股票
158875,发行股票,377250,发行股票
118834,发行股票,379267,发行股票
198701,发行股票,378444,发行股票
198701,发行股票,380010,发行股票
178577,发行股票,376590,发行股票
90945,发行股票,380895,发行股票
186143,发行股票,378190,发行股票
215360,发行股票,379930,发行股票
211116,发行股票,377517,发行股票
71266,发行股票,377419,发行股票
174663,发行股票,378990,发行股票
119654,发行股票,379101,发行股票
224158,发行股票,380532,发行股票
99716,发行股票,378968,发行股票
145012,发行股票,375943,发行股票
48319,发行股票,380920,发行股票
125194,发行股票,377225,发行股票
75051,发行股票,380059,发行股票
87093,发行股票,376940,发行股票
156062,发行股票,376260,发行股票
131790,发行股票,375683,发行股票
154750,发行股票,381184,发行股票
91966,发行股票,377420,发行股票
169159,发行股票,378834,发行股票
149128,发行股票,380789,发行股票
161307,发行股票,380110,发行股票
122049,发行股票,378219,发行股票
62393,发行股票,379323,发行股票
95714,发行股票,377142,发行股票
207247,发行股票,377549,发行股票
33927,发行股票,376285,发行股票
77298,发行股票,376671,发行股票
67485,发行股票,378135,发行股票
177751,发行股票,377803,发行股票
111939,发行股票,376660,发行股票
179204,发行股票,380316,发行股票
47417,发行股票,377343,发行股票
9347,发行股票,377615,发行股票
31613,发行股票,380072,发行股票
131362,发行股票,377636,发行股票
109928,发行股票,378994,发行股票
50481,发行股票,378422,发行股票
39428,发行股票,378359,发行股票
200751,发行股票,377833,发行股票
91402,发行股票,377336,发行股票
31243,发行股票,376534,发行股票
157160,发行股票,380484,发行股票
147743,发行股票,376903,发行股票
157090,发行股票,378905,发行股票
160333,发行股票,375846,发行股票
206443,发行股票,379844,发行股票
157002,发行股票,375699,发行股票
127074,发行股票,380443,发行股票
22365,发行股票,376582,发行股票
65592,发行股票,379234,发行股票
111894,发行股票,376946,发行股票
95361,发行股票,378727,发行股票
186699,发行股票,375908,发行股票
149309,发行股票,378051,发行股票
176632,发行股票,377456,发行股票
165245,发行股票,376577,发行股票
174245,发行股票,376469,发行股票
63065,发行股票,378808,发行股票
129484,发行股票,378341,发行股票
106125,发行股票,379598,发行股票
162082,发行股票,376800,发行股票
125981,发行股票,378425,发行股票
122163,发行股票,375768,发行股票
151431,发行股票,380481,发行股票
113560,发行股票,376146,发行股票
134908,发行股票,379668,发行股票
23316,发行股票,381205,发行股票
174611,发行股票,379413,发行股票
74401,发行股票,379156,发行股票
205842,发行股票,375777,发行股票
29155,发行股票,378499,发行股票
90600,发行股票,380081,发行股票
233124,发行股票,380522,发行股票
135944,发行股票,381047,发行股票
150050,发行股票,381217,发行股票
197269,发行股票,380806,发行股票
79451,发行股票,379936,发行股票
47889,发行股票,378098,发行股票
197103,发行股票,380111,发行股票
26817,发行股票,379965,发行股票
105256,发行股票,378732,发行股票
221596,发行股票,380547,发行股票
228933,发行股票,376082,发行股票
82017,发行股票,381317,发行股票
25040,发行股票,380736,发行股票
37618,发行股票,379884,发行股票
117959,发行股票,377442,发行股票
154980,发行股票,376573,发行股票
95989,发行股票,377140,发行股票
24671,发行股票,378889,发行股票
24671,发行股票,379525,发行股票
189613,发行股票,375913,发行股票
95220,发行股票,375985,发行股票
70371,发行股票,378587,发行股票
197157,发行股票,377227,发行股票
32373,发行股票,376999,发行股票
32373,发行股票,378567,发行股票
26024,发行股票,375654,发行股票
149559,发行股票,377609,发行股票
32408,发行股票,380027,发行股票
244793,发行股票,377832,发行股票
150574,发行股票,376779,发行股票
80097,发行股票,376720,发行股票
81518,发行股票,379902,发行股票
26880,发行股票,379400,发行股票
81445,发行股票,376066,发行股票
103468,发行股票,378682,发行股票
244891,发行股票,380984,发行股票
244896,发行股票,376130,发行股票
244896,发行股票,376847,发行股票
202622,发行股票,380918,发行股票
244814,发行股票,376407,发行股票
51655,发行股票,378111,发行股票
37774,发行股票,378639,发行股票
129397,发行股票,378933,发行股票
175411,发行股票,378003,发行股票
133294,发行股票,377853,发行股票
222756,发行股票,379673,发行股票
22375,发行股票,377155,发行股票
22375,发行股票,379060,发行股票
115643,发行股票,376281,发行股票
16311,发行股票,381000,发行股票
212504,发行股票,377686,发行股票
63581,发行股票,377094,发行股票
180779,发行股票,379184,发行股票
100691,发行股票,380802,发行股票
100691,发行股票,377942,发行股票
186203,发行股票,378333,发行股票
63731,发行股票,380238,发行股票
158469,发行股票,377074,发行股票
164261,发行股票,378864,发行股票
167977,发行股票,378857,发行股票
602,发行股票,376963,发行股票
229692,发行股票,376574,发行股票
102075,发行股票,377164,发行股票
111038,发行股票,377877,发行股票
106664,发行股票,380987,发行股票
112712,发行股票,378759,发行股票
65979,发行股票,379864,发行股票
43921,发行股票,378083,发行股票
243772,发行股票,379019,发行股票
174667,发行股票,381178,发行股票
72237,发行股票,379964,发行股票
197925,发行股票,376159,发行股票
183567,发行股票,376093,发行股票
155664,发行股票,376175,发行股票
43794,发行股票,376712,发行股票
101611,发行股票,377017,发行股票
28318,发行股票,375946,发行股票
100596,发行股票,376741,发行股票
116658,发行股票,380231,发行股票
100443,发行股票,376709,发行股票
64301,发行股票,376043,发行股票
93145,发行股票,380495,发行股票
10919,发行股票,380445,发行股票
64958,发行股票,379555,发行股票
137170,发行股票,380402,发行股票
190565,发行股票,380429,发行股票
68642,发行股票,379247,发行股票
90650,发行股票,378677,发行股票
244755,发行股票,377354,发行股票
235113,发行股票,380037,发行股票
223111,发行股票,378822,发行股票
185375,发行股票,379086,发行股票
166169,发行股票,377750,发行股票
104369,发行股票,375938,发行股票
125112,发行股票,377196,发行股票
63544,发行股票,376161,发行股票
163863,发行股票,378400,发行股票
166078,发行股票,377450,发行股票
72241,发行股票,379712,发行股票
32381,发行股票,376044,发行股票
59656,发行股票,380153,发行股票
199116,发行股票,376103,发行股票
199116,发行股票,379076,发行股票
129347,发行股票,377391,发行股票
84869,发行股票,379647,发行股票
244913,发行股票,376320,发行股票
244913,发行股票,378753,发行股票
162141,发行股票,378193,发行股票
81590,发行股票,376404,发行股票
161766,发行股票,381191,发行股票
5057,发行股票,377715,发行股票
5057,发行股票,376450,发行股票
79820,发行股票,377195,发行股票
193300,发行股票,377598,发行股票
202631,发行股票,381094,发行股票
148209,发行股票,378260,发行股票
85544,发行股票,381108,发行股票
23525,发行股票,376551,发行股票
142124,发行股票,379800,发行股票
148122,发行股票,376245,发行股票
81555,发行股票,377502,发行股票
128483,发行股票,376111,发行股票
55135,发行股票,379064,发行股票
25104,发行股票,376438,发行股票
25104,发行股票,378881,发行股票
55584,发行股票,381177,发行股票
164713,发行股票,379790,发行股票
195017,发行股票,377846,发行股票
244702,发行股票,381010,发行股票
24926,发行股票,380667,发行股票
225843,发行股票,378909,发行股票
146529,发行股票,377223,发行股票
172283,发行股票,378828,发行股票
183740,发行股票,376975,发行股票
87145,发行股票,378912,发行股票
212828,发行股票,376335,发行股票
8293,发行股票,380981,发行股票
129289,发行股票,379824,发行股票
13674,发行股票,378826,发行股票
105027,发行股票,379396,发行股票
20204,发行股票,379915,发行股票
149586,发行股票,376214,发行股票
239949,发行股票,376647,发行股票
230628,发行股票,376791,发行股票
63645,发行股票,377938,发行股票
113654,发行股票,378564,发行股票
152233,发行股票,380075,发行股票
143347,发行股票,378246,发行股票
86409,发行股票,379178,发行股票
108450,发行股票,377651,发行股票
148789,发行股票,376476,发行股票
24324,发行股票,377698,发行股票
170928,发行股票,380152,发行股票
148560,发行股票,378503,发行股票
167602,发行股票,376321,发行股票
100109,发行股票,376801,发行股票
129611,发行股票,379098,发行股票
101431,发行股票,379713,发行股票
173705,发行股票,379300,发行股票
107940,发行股票,379743,发行股票
148059,发行股票,381331,发行股票
104707,发行股票,378056,发行股票
76561,发行股票,378540,发行股票
144348,发行股票,377330,发行股票
161083,发行股票,376558,发行股票
25347,发行股票,380942,发行股票
150238,发行股票,376794,发行股票
76182,发行股票,378212,发行股票
115912,发行股票,379528,发行股票
63806,发行股票,379261,发行股票
79174,发行股票,379643,发行股票
66959,发行股票,379094,发行股票
66959,发行股票,375964,发行股票
189785,发行股票,378896,发行股票
150911,发行股票,375944,发行股票
31562,发行股票,377511,发行股票
206553,发行股票,377490,发行股票
101651,发行股票,380618,发行股票
193597,发行股票,378573,发行股票
26362,发行股票,381259,发行股票
26362,发行股票,379201,发行股票
40474,发行股票,379958,发行股票
171729,发行股票,380846,发行股票
205443,发行股票,378953,发行股票
21097,发行股票,375743,发行股票
185560,发行股票,378477,发行股票
67352,发行股票,376889,发行股票
66843,发行股票,378296,发行股票
112876,发行股票,375713,发行股票
31733,发行股票,380794,发行股票
31733,发行股票,378432,发行股票
129876,发行股票,377540,发行股票
210572,发行股票,378686,发行股票
87498,发行股票,380788,发行股票
40095,发行股票,376240,发行股票
111695,发行股票,375863,发行股票
233916,发行股票,378072,发行股票
233225,发行股票,378925,发行股票
209341,发行股票,375747,发行股票
222995,发行股票,375760,发行股票
118012,发行股票,379615,发行股票
118012,发行股票,376736,发行股票
120684,发行股票,378370,发行股票
217475,发行股票,379434,发行股票
182114,发行股票,377873,发行股票
182114,发行股票,379328,发行股票
185921,发行股票,377096,发行股票
140043,发行股票,375689,发行股票
63160,发行股票,380697,发行股票
216997,发行股票,378863,发行股票
82059,发行股票,380438,发行股票
94958,发行股票,380184,发行股票
173263,发行股票,375981,发行股票
80816,发行股票,376154,发行股票
143112,发行股票,378424,发行股票
91827,发行股票,379966,发行股票
182033,发行股票,377462,发行股票
94755,发行股票,379922,发行股票
23977,发行股票,380538,发行股票
897,发行股票,377268,发行股票
200431,发行股票,378974,发行股票
201137,发行股票,377525,发行股票
79568,发行股票,380646,发行股票
55696,发行股票,376527,发行股票
118801,发行股票,378124,发行股票
226323,发行股票,376937,发行股票
161180,发行股票,379566,发行股票
112294,发行股票,379110,发行股票
112821,发行股票,376981,发行股票
27517,发行股票,378812,发行股票
128671,发行股票,376347,发行股票
84217,发行股票,379283,发行股票
117754,发行股票,380264,发行股票
100445,发行股票,381156,发行股票
73676,发行股票,380779,发行股票
33736,发行股票,376823,发行股票
33736,发行股票,376936,发行股票
155673,发行股票,379690,发行股票
75954,发行股票,378632,发行股票
112995,发行股票,376663,发行股票
47114,发行股票,380168,发行股票
164704,发行股票,375636,发行股票
63172,发行股票,377328,发行股票
142926,发行股票,376041,发行股票
12756,发行股票,381038,发行股票
24501,发行股票,379175,发行股票
24814,发行股票,379823,发行股票
214553,发行股票,378986,发行股票
244840,发行股票,377984,发行股票
42281,发行股票,378234,发行股票
134781,发行股票,376865,发行股票
166084,发行股票,379893,发行股票
74497,发行股票,380372,发行股票
79929,发行股票,375930,发行股票
135631,发行股票,375904,发行股票
203847,发行股票,379535,发行股票
166654,发行股票,376283,发行股票
100849,发行股票,375676,发行股票
100849,发行股票,380435,发行股票
79911,发行股票,380000,发行股票
198467,发行股票,379389,发行股票
166070,发行股票,377197,发行股票
149662,发行股票,377869,发行股票
143981,发行股票,376231,发行股票
176086,发行股票,378961,发行股票
43197,发行股票,376824,发行股票
213140,发行股票,376485,发行股票
145452,发行股票,378835,发行股票
17484,发行股票,378751,发行股票
173600,发行股票,377599,发行股票
169200,发行股票,378770,发行股票
22084,发行股票,379766,发行股票
49649,发行股票,380123,发行股票
55281,发行股票,380080,发行股票
244842,发行股票,379982,发行股票
156827,发行股票,381241,发行股票
39230,发行股票,380025,发行股票
82840,发行股票,378602,发行股票
174749,发行股票,380386,发行股票
50648,发行股票,375972,发行股票
16945,发行股票,376467,发行股票
172853,发行股票,377005,发行股票
105889,发行股票,379751,发行股票
161233,发行股票,376702,发行股票
241397,发行股票,380985,发行股票
221485,发行股票,377920,发行股票
10841,发行股票,376951,发行股票
75733,发行股票,379727,发行股票
978,发行股票,379051,发行股票
224341,发行股票,376016,发行股票
142017,发行股票,379097,发行股票
197227,发行股票,376808,发行股票
193315,发行股票,380706,发行股票
129327,发行股票,375949,发行股票
178114,发行股票,377033,发行股票
24106,发行股票,381109,发行股票
49161,发行股票,378215,发行股票
64095,发行股票,381018,发行股票
149756,发行股票,376705,发行股票
235241,发行股票,376045,发行股票
124591,发行股票,378117,发行股票
104267,发行股票,378479,发行股票
128758,发行股票,379148,发行股票
91046,发行股票,379199,发行股票
164134,发行股票,376656,发行股票
116183,发行股票,376845,发行股票
99211,发行股票,377143,发行股票
112613,发行股票,378883,发行股票
105217,发行股票,381234,发行股票
232709,发行股票,377839,发行股票
184419,发行股票,381270,发行股票
51932,发行股票,379896,发行股票
4202,发行股票,379718,发行股票
234769,发行股票,381073,发行股票
186349,发行股票,376540,发行股票
212385,发行股票,377948,发行股票
207157,发行股票,378966,发行股票
206230,发行股票,377657,发行股票
211509,发行股票,375873,发行股票
161648,发行股票,375823,发行股票
223253,发行股票,376021,发行股票
65971,发行股票,381281,发行股票
198184,发行股票,379742,发行股票
75786,发行股票,376186,发行股票
17992,发行股票,379606,发行股票
164565,发行股票,379519,发行股票
233619,发行股票,376537,发行股票
100238,发行股票,375822,发行股票
198822,发行股票,380053,发行股票
229439,发行股票,376986,发行股票
80753,发行股票,380470,发行股票
73698,发行股票,379015,发行股票
198175,发行股票,377156,发行股票
145298,发行股票,377436,发行股票
170148,发行股票,379144,发行股票
146791,发行股票,377371,发行股票
56931,发行股票,380849,发行股票
54330,发行股票,378137,发行股票
96971,发行股票,376853,发行股票
16916,发行股票,377973,发行股票
64079,发行股票,375773,发行股票
221289,发行股票,380265,发行股票
184004,发行股票,376589,发行股票
204365,发行股票,380854,发行股票
178004,发行股票,381096,发行股票
26052,发行股票,375799,发行股票
26052,发行股票,376471,发行股票
178085,发行股票,376330,发行股票
128818,发行股票,381158,发行股票
203464,发行股票,378348,发行股票
139927,发行股票,378982,发行股票
96909,发行股票,377161,发行股票
64755,发行股票,378743,发行股票
162835,发行股票,378520,发行股票
28335,发行股票,379520,发行股票
3363,发行股票,376169,发行股票
74024,发行股票,381316,发行股票
152199,发行股票,375858,发行股票
214083,发行股票,380095,发行股票
63354,发行股票,379619,发行股票
173544,发行股票,376389,发行股票
123057,发行股票,380130,发行股票
176493,发行股票,376011,发行股票
59910,发行股票,380319,发行股票
133110,发行股票,378313,发行股票
193696,发行股票,379557,发行股票
119686,发行股票,376763,发行股票
183837,发行股票,380986,发行股票
21957,发行股票,380103,发行股票
195501,发行股票,379795,发行股票
206400,发行股票,379512,发行股票
90781,发行股票,377308,发行股票
229053,发行股票,378396,发行股票
123706,发行股票,380122,发行股票
183863,发行股票,375804,发行股票
131216,发行股票,378918,发行股票
25093,发行股票,375879,发行股票
76319,发行股票,379337,发行股票
99844,发行股票,380220,发行股票
193325,发行股票,378191,发行股票
150272,发行股票,379918,发行股票
175162,发行股票,375826,发行股票
146891,发行股票,378223,发行股票
209899,发行股票,375987,发行股票
199056,发行股票,380641,发行股票
156390,发行股票,375678,发行股票
211137,发行股票,378923,发行股票
141689,发行股票,380036,发行股票
83930,发行股票,377235,发行股票
148385,发行股票,379584,发行股票
235800,发行股票,378277,发行股票
145155,发行股票,376896,发行股票
106043,发行股票,377289,发行股票
142055,发行股票,376849,发行股票
114034,发行股票,380911,发行股票
70239,发行股票,380388,发行股票
130243,发行股票,379378,发行股票
231248,发行股票,380401,发行股票
113935,发行股票,377900,发行股票
219081,发行股票,380648,发行股票
201167,发行股票,380262,发行股票
110524,发行股票,380284,发行股票
161506,发行股票,380879,发行股票
26067,发行股票,376556,发行股票
849,发行股票,380686,发行股票
31516,发行股票,376678,发行股票
156520,发行股票,379410,发行股票
143482,发行股票,378482,发行股票
59706,发行股票,376397,发行股票
100596,发行股票,376741,发行股票
11636,发行股票,378085,发行股票
56005,发行股票,378012,发行股票
149671,发行股票,380016,发行股票
43512,发行股票,381330,发行股票
63263,发行股票,377756,发行股票
182598,发行股票,379482,发行股票
38965,发行股票,376994,发行股票
93880,发行股票,378597,发行股票
222109,发行股票,376599,发行股票
27961,发行股票,380426,发行股票
235513,发行股票,380108,发行股票
207239,发行股票,377645,发行股票
136507,发行股票,378057,发行股票
200414,发行股票,376259,发行股票
119820,发行股票,378467,发行股票
64290,发行股票,375667,发行股票
101825,发行股票,380507,发行股票
123299,发行股票,379550,发行股票
124873,发行股票,378376,发行股票
80107,发行股票,378593,发行股票
48563,发行股票,377369,发行股票
7121,发行股票,379759,发行股票
43156,发行股票,380347,发行股票
211178,发行股票,377979,发行股票
1271,发行股票,378144,发行股票
165957,发行股票,380785,发行股票
59005,发行股票,380196,发行股票
133105,发行股票,377381,发行股票
13018,发行股票,378579,发行股票
211397,发行股票,376203,发行股票
98169,发行股票,376682,发行股票
105948,发行股票,375898,发行股票
190007,发行股票,378706,发行股票
99720,发行股票,377452,发行股票
83583,发行股票,378435,发行股票
212937,发行股票,380727,发行股票
236444,发行股票,377505,发行股票
117858,发行股票,378304,发行股票
4614,发行股票,378281,发行股票
79535,发行股票,376642,发行股票
32494,发行股票,380414,发行股票
162044,发行股票,375778,发行股票
97923,发行股票,377658,发行股票
142641,发行股票,380051,发行股票
101414,发行股票,378824,发行股票
101381,发行股票,376632,发行股票
234043,发行股票,376838,发行股票
87189,发行股票,379867,发行股票
189086,发行股票,381207,发行股票
147608,发行股票,379591,发行股票
68413,发行股票,381322,发行股票
95264,发行股票,377075,发行股票
162545,发行股票,380137,发行股票
149898,发行股票,380308,发行股票
71076,发行股票,377406,发行股票
86094,发行股票,379630,发行股票
147021,发行股票,379059,发行股票
143096,发行股票,379950,发行股票
38332,发行股票,375675,发行股票
113626,发行股票,377067,发行股票
189285,发行股票,380552,发行股票
146997,发行股票,377738,发行股票
145636,发行股票,380766,发行股票
38789,发行股票,378790,发行股票
129195,发行股票,381090,发行股票
5541,发行股票,379851,发行股票
112322,发行股票,378253,发行股票
44698,发行股票,377610,发行股票
37392,发行股票,381318,发行股票
64667,发行股票,377958,发行股票
128665,发行股票,377600,发行股票
32477,发行股票,376352,发行股票
123701,发行股票,380768,发行股票
105053,发行股票,378198,发行股票
129959,发行股票,380483,发行股票
32385,发行股票,376415,发行股票
32385,发行股票,376114,发行股票
181187,发行股票,375649,发行股票
212862,发行股票,379295,发行股票
151714,发行股票,377731,发行股票
159081,发行股票,378508,发行股票
223183,发行股票,379890,发行股票
168855,发行股票,379917,发行股票
225050,发行股票,379310,发行股票
225050,发行股票,377514,发行股票
24508,发行股票,379119,发行股票
24695,发行股票,377339,发行股票
24695,发行股票,378869,发行股票
150144,发行股票,380112,发行股票
55372,发行股票,377538,发行股票
28437,发行股票,378451,发行股票
88766,发行股票,377943,发行股票
49902,发行股票,375849,发行股票
22310,发行股票,380500,发行股票
44873,发行股票,380097,发行股票
62495,发行股票,375723,发行股票
70189,发行股票,377788,发行股票
68191,发行股票,379340,发行股票
166378,发行股票,375779,发行股票
46838,发行股票,379451,发行股票
87151,发行股票,378239,发行股票
160969,发行股票,378398,发行股票
168878,发行股票,379724,发行股票
156687,发行股票,377940,发行股票
110404,发行股票,380288,发行股票
69252,发行股票,380605,发行股票
109355,发行股票,380870,发行股票
160691,发行股票,379477,发行股票
210923,发行股票,376884,发行股票
22055,发行股票,380404,发行股票
19585,发行股票,380976,发行股票
170363,发行股票,381274,发行股票
160288,发行股票,380977,发行股票
101560,发行股票,380819,发行股票
13095,发行股票,379900,发行股票
178954,发行股票,378025,发行股票
10958,发行股票,379266,发行股票
853,发行股票,375641,发行股票
135127,发行股票,376912,发行股票
30662,发行股票,377726,发行股票
215386,发行股票,376222,发行股票
93607,发行股票,378511,发行股票
234080,发行股票,378867,发行股票
226818,发行股票,378476,发行股票
3343,发行股票,377533,发行股票
124266,发行股票,379289,发行股票
32125,发行股票,377068,发行股票
224130,发行股票,375955,发行股票
38367,发行股票,375726,发行股票
197618,发行股票,381050,发行股票
86075,发行股票,378497,发行股票
113530,发行股票,376128,发行股票
196930,发行股票,377025,发行股票
15288,发行股票,379399,发行股票
147766,发行股票,379752,发行股票
149536,发行股票,376453,发行股票
160708,发行股票,379575,发行股票
164903,发行股票,378282,发行股票
130000,发行股票,376592,发行股票
190024,发行股票,381042,发行股票
165914,发行股票,380114,发行股票
118046,发行股票,377861,发行股票
10863,发行股票,377337,发行股票
72606,发行股票,381262,发行股票
219807,发行股票,378240,发行股票
69233,发行股票,380135,发行股票
104010,发行股票,381132,发行股票
29810,发行股票,376079,发行股票
17488,发行股票,377862,发行股票
195541,发行股票,378248,发行股票
198493,发行股票,376926,发行股票
167619,发行股票,377494,发行股票
103048,发行股票,381121,发行股票
47895,发行股票,376110,发行股票
67232,发行股票,376184,发行股票
169012,发行股票,378073,发行股票
101584,发行股票,377666,发行股票
160746,发行股票,379602,发行股票
176450,发行股票,379646,发行股票
11071,发行股票,377660,发行股票
163673,发行股票,379398,发行股票
138601,发行股票,380020,发行股票
75746,发行股票,379526,发行股票
153373,发行股票,377732,发行股票
112552,发行股票,379090,发行股票
160122,发行股票,376328,发行股票
162070,发行股票,378043,发行股票
161174,发行股票,380200,发行股票
151255,发行股票,376726,发行股票
38781,发行股票,376591,发行股票
177244,发行股票,380892,发行股票
122657,发行股票,378378,发行股票
22037,发行股票,380203,发行股票
22037,发行股票,377319,发行股票
198207,发行股票,379696,发行股票
161912,发行股票,376693,发行股票
30297,发行股票,380067,发行股票
156326,发行股票,379863,发行股票
210675,发行股票,378588,发行股票
162547,发行股票,375923,发行股票
68618,发行股票,380540,发行股票
107770,发行股票,377245,发行股票
118692,发行股票,380529,发行股票
161400,发行股票,377202,发行股票
185376,发行股票,377840,发行股票
29293,发行股票,377059,发行股票
165975,发行股票,376633,发行股票
150088,发行股票,380360,发行股票
118828,发行股票,376672,发行股票
142927,发行股票,380328,发行股票
206602,发行股票,380050,发行股票
113482,发行股票,378777,发行股票
160915,发行股票,375839,发行股票
41839,发行股票,377706,发行股票
190135,发行股票,379954,发行股票
160640,发行股票,375817,发行股票
529,发行股票,378383,发行股票
95979,发行股票,379801,发行股票
22188,发行股票,380857,发行股票
158220,发行股票,379427,发行股票
163318,发行股票,375766,发行股票
211391,发行股票,377960,发行股票
142665,发行股票,378393,发行股票
135403,发行股票,377049,发行股票
221266,发行股票,380450,发行股票
194829,发行股票,375647,发行股票
21635,发行股票,375815,发行股票
223289,发行股票,379041,发行股票
97903,发行股票,378601,发行股票
65347,发行股票,376718,发行股票
38801,发行股票,377358,发行股票
162020,发行股票,376960,发行股票
7622,发行股票,376071,发行股票
128214,发行股票,380008,发行股票
37133,发行股票,376349,发行股票
47448,发行股票,377189,发行股票
161711,发行股票,378737,发行股票
113190,发行股票,375797,发行股票
212519,发行股票,376456,发行股票
224171,发行股票,376993,发行股票
109386,发行股票,380599,发行股票
32487,发行股票,379157,发行股票
65366,发行股票,380190,发行股票
147997,发行股票,378365,发行股票
152376,发行股票,375651,发行股票
5126,发行股票,378913,发行股票
218589,发行股票,379846,发行股票
41003,发行股票,376343,发行股票
150505,发行股票,378426,发行股票
189550,发行股票,376725,发行股票
30298,发行股票,376569,发行股票
79188,发行股票,379063,发行股票
161514,发行股票,380043,发行股票
27765,发行股票,380903,发行股票
145565,发行股票,379530,发行股票
163001,发行股票,378074,发行股票
102979,发行股票,377894,发行股票
169453,发行股票,379479,发行股票
205259,发行股票,381329,发行股票
125635,发行股票,377112,发行股票
32406,发行股票,379491,发行股票
25009,发行股票,380086,发行股票
64782,发行股票,380569,发行股票
112674,发行股票,378958,发行股票
201834,发行股票,376895,发行股票
52525,发行股票,379618,发行股票
188580,发行股票,377633,发行股票
148098,发行股票,377258,发行股票
10655,发行股票,380243,发行股票
7425,发行股票,378036,发行股票
7425,发行股票,380335,发行股票
100026,发行股票,379187,发行股票
41071,发行股票,378678,发行股票
35537,发行股票,376136,发行股票
15225,发行股票,376151,发行股票
97929,发行股票,380950,发行股票
180857,发行股票,376581,发行股票
94084,发行股票,378792,发行股票
95410,发行股票,378874,发行股票
26600,发行股票,376386,发行股票
24154,发行股票,378255,发行股票
189188,发行股票,376698,发行股票
205783,发行股票,378624,发行股票
77207,发行股票,376858,发行股票
131287,发行股票,377824,发行股票
160679,发行股票,377793,发行股票
155469,发行股票,378543,发行股票
6922,发行股票,377048,发行股票
134782,发行股票,376015,发行股票
162788,发行股票,379375,发行股票
127823,发行股票,377333,发行股票
63822,发行股票,376369,发行股票
189436,发行股票,377849,发行股票
41126,发行股票,376329,发行股票
222930,发行股票,379241,发行股票
11644,发行股票,378110,发行股票
80016,发行股票,377912,发行股票
107342,发行股票,380737,发行股票
79835,发行股票,377044,发行股票
113392,发行股票,375664,发行股票
126454,发行股票,378718,发行股票
110543,发行股票,378934,发行股票
176623,发行股票,380045,发行股票
32098,发行股票,379033,发行股票
64012,发行股票,377472,发行股票
79449,发行股票,380624,发行股票
31536,发行股票,375805,发行股票
160545,发行股票,380506,发行股票
164223,发行股票,378820,发行股票
13766,发行股票,378066,发行股票
141829,发行股票,380056,发行股票
183975,发行股票,379877,发行股票
215807,发行股票,379254,发行股票
4709,发行股票,377291,发行股票
81645,发行股票,376061,发行股票
41096,发行股票,377279,发行股票
162076,发行股票,381088,发行股票
190022,发行股票,378754,发行股票
223581,发行股票,378740,发行股票
162730,发行股票,376536,发行股票
183140,发行股票,375902,发行股票
128596,发行股票,376878,发行股票
30324,发行股票,378000,发行股票
171344,发行股票,376857,发行股票
107309,发行股票,379733,发行股票
38258,发行股票,376584,发行股票
129223,发行股票,379172,发行股票
38891,发行股票,376867,发行股票
127808,发行股票,375672,发行股票
111928,发行股票,379997,发行股票
94243,发行股票,379461,发行股票
154765,发行股票,380408,发行股票
22763,发行股票,377552,发行股票
62758,发行股票,380272,发行股票
17296,发行股票,378005,发行股票
85990,发行股票,377917,发行股票
152724,发行股票,376601,发行股票
172865,发行股票,379424,发行股票
200330,发行股票,379417,发行股票
119116,发行股票,379024,发行股票
163272,发行股票,378723,发行股票
112096,发行股票,379757,发行股票
193014,发行股票,379656,发行股票
205658,发行股票,377042,发行股票
6221,发行股票,377632,发行股票
207267,发行股票,376758,发行股票
152662,发行股票,380847,发行股票
234183,发行股票,380897,发行股票
182073,发行股票,379257,发行股票
149538,发行股票,379275,发行股票
2511,发行股票,376305,发行股票
78846,发行股票,378374,发行股票
142988,发行股票,379439,发行股票
40491,发行股票,380530,发行股票
68131,发行股票,376028,发行股票
63938,发行股票,379297,发行股票
211194,发行股票,380303,发行股票
186094,发行股票,381137,发行股票
245053,发行股票,376606,发行股票
245053,发行股票,376619,发行股票
105753,发行股票,380249,发行股票
229600,发行股票,379022,发行股票
35755,发行股票,377175,发行股票
162604,发行股票,376583,发行股票
85341,发行股票,381105,发行股票
43427,发行股票,380580,发行股票
215991,发行股票,376844,发行股票
72357,发行股票,377746,发行股票
131510,发行股票,376673,发行股票
162026,发行股票,380143,发行股票
123072,发行股票,380466,发行股票
113712,发行股票,381162,发行股票
161148,发行股票,378797,发行股票
65401,发行股票,379197,发行股票
140438,发行股票,379260,发行股票
191808,发行股票,380356,发行股票
130116,发行股票,381074,发行股票
112031,发行股票,378381,发行股票
137800,发行股票,375947,发行股票
92804,发行股票,376426,发行股票
160354,发行股票,377451,发行股票
233030,发行股票,380681,发行股票
112288,发行股票,378527,发行股票
160592,发行股票,380486,发行股票
48902,发行股票,375886,发行股票
131290,发行股票,379370,发行股票
73934,发行股票,376167,发行股票
160982,发行股票,380889,发行股票
244772,发行股票,381310,发行股票
244772,发行股票,379855,发行股票
130833,发行股票,376733,发行股票
58720,发行股票,379108,发行股票
4711,发行股票,377991,发行股票
141365,发行股票,379658,发行股票
112654,发行股票,375877,发行股票
161287,发行股票,378683,发行股票
174783,发行股票,377631,发行股票
17933,发行股票,376122,发行股票
12741,发行股票,379418,发行股票
160986,发行股票,381152,发行股票
162994,发行股票,376571,发行股票
135861,发行股票,379941,发行股票
231505,发行股票,379822,发行股票
57516,发行股票,378929,发行股票
173651,发行股票,375993,发行股票
147651,发行股票,378182,发行股票
199846,发行股票,376611,发行股票
101868,发行股票,380344,发行股票
94313,发行股票,378438,发行股票
156950,发行股票,376274,发行股票
150903,发行股票,379301,发行股票
24245,发行股票,377512,发行股票
42264,发行股票,380292,发行股票
99873,发行股票,377390,发行股票
85395,发行股票,380969,发行股票
186243,发行股票,375756,发行股票
170402,发行股票,378758,发行股票
44581,发行股票,376820,发行股票
169390,发行股票,376520,发行股票
215848,发行股票,380125,发行股票
39188,发行股票,377255,发行股票
175364,发行股票,377937,发行股票
139254,发行股票,377003,发行股票
81340,发行股票,380524,发行股票
122675,发行股票,376524,发行股票
129663,发行股票,377300,发行股票
83709,发行股票,377951,发行股票
195462,发行股票,380743,发行股票
116547,发行股票,377309,发行股票
235142,发行股票,379210,发行股票
34687,发行股票,375870,发行股票
131496,发行股票,379464,发行股票
132563,发行股票,375952,发行股票
148835,发行股票,377231,发行股票
135449,发行股票,377954,发行股票
84779,发行股票,377246,发行股票
45253,发行股票,379762,发行股票
41209,发行股票,378285,发行股票
160909,发行股票,377480,发行股票
174212,发行股票,376659,发行股票
106597,发行股票,379455,发行股票
201307,发行股票,379230,发行股票
520,发行股票,377845,发行股票
65499,发行股票,376681,发行股票
148585,发行股票,377297,发行股票
200396,发行股票,378946,发行股票
142286,发行股票,378916,发行股票
100897,发行股票,377772,发行股票
3341,发行股票,381100,发行股票
22588,发行股票,376217,发行股票
9665,发行股票,379088,发行股票
65509,发行股票,380539,发行股票
87082,发行股票,376810,发行股票
11742,发行股票,380983,发行股票
112558,发行股票,376549,发行股票
174370,发行股票,381117,发行股票
197680,发行股票,378165,发行股票
174402,发行股票,381194,发行股票
8117,发行股票,379409,发行股票
134974,发行股票,377428,发行股票
100025,发行股票,379335,发行股票
157910,发行股票,381097,发行股票
102911,发行股票,377151,发行股票
112698,发行股票,375992,发行股票
81066,发行股票,379652,发行股票
8426,发行股票,379169,发行股票
10929,发行股票,380931,发行股票
138889,发行股票,376422,发行股票
186810,发行股票,376636,发行股票
117117,发行股票,376430,发行股票
129320,发行股票,380304,发行股票
84019,发行股票,380269,发行股票
64662,发行股票,380225,发行股票
38517,发行股票,378399,发行股票
12839,发行股票,380909,发行股票
155071,发行股票,378096,发行股票
150626,发行股票,378536,发行股票
17017,发行股票,380146,发行股票
4998,发行股票,380932,发行股票
68599,发行股票,378018,发行股票
168792,发行股票,379499,发行股票
64484,发行股票,381160,发行股票
88012,发行股票,375999,发行股票
88012,发行股票,376543,发行股票
129284,发行股票,377355,发行股票
29346,发行股票,378175,发行股票
235014,发行股票,377180,发行股票
150277,发行股票,378868,发行股票
222209,发行股票,379408,发行股票
227237,发行股票,378006,发行股票
3930,发行股票,379494,发行股票
31623,发行股票,376035,发行股票
244680,发行股票,377675,发行股票
244680,发行股票,375945,发行股票
64103,发行股票,377259,发行股票
150164,发行股票,379007,发行股票
16822,发行股票,377272,发行股票
222429,发行股票,377205,发行股票
222429,发行股票,376424,发行股票
13328,发行股票,376668,发行股票
36717,发行股票,376233,发行股票
14544,发行股票,381311,发行股票
185486,发行股票,377497,发行股票
193100,发行股票,377322,发行股票
23808,发行股票,375807,发行股票
74730,发行股票,378224,发行股票
211519,发行股票,375781,发行股票
110421,发行股票,379354,发行股票
199173,发行股票,377804,发行股票
199173,发行股票,380444,发行股票
231976,发行股票,377084,发行股票
12007,发行股票,379193,发行股票
81619,发行股票,379660,发行股票
160318,发行股票,378795,发行股票
16489,发行股票,379829,发行股票
123029,发行股票,380295,发行股票
105520,发行股票,379127,发行股票
20715,发行股票,380509,发行股票
140466,发行股票,377693,发行股票
30433,发行股票,379401,发行股票
33961,发行股票,381201,发行股票
171266,发行股票,376874,发行股票
223188,发行股票,378243,发行股票
117981,发行股票,376949,发行股票
87106,发行股票,377711,发行股票
24687,发行股票,375903,发行股票
193592,发行股票,378022,发行股票
49943,发行股票,380061,发行股票
20927,发行股票,379237,发行股票
147812,发行股票,376716,发行股票
3104,发行股票,376225,发行股票
31497,发行股票,380659,发行股票
197130,发行股票,376241,发行股票
117979,发行股票,378919,发行股票
183574,发行股票,375695,发行股票
161679,发行股票,377085,发行股票
192955,发行股票,380351,发行股票
203936,发行股票,377907,发行股票
101379,发行股票,376902,发行股票
15297,发行股票,379715,发行股票
176775,发行股票,378386,发行股票
161068,发行股票,380753,发行股票
55175,发行股票,376075,发行股票
222799,发行股票,378095,发行股票
141556,发行股票,378648,发行股票
105176,发行股票,376097,发行股票
196646,发行股票,378028,发行股票
201667,发行股票,378119,发行股票
205333,发行股票,379628,发行股票
75925,发行股票,379699,发行股票
91551,发行股票,380361,发行股票
119698,发行股票,379291,发行股票
98053,发行股票,380359,发行股票
74854,发行股票,378904,发行股票
21067,发行股票,378914,发行股票
109129,发行股票,380057,发行股票
103947,发行股票,379792,发行股票
185660,发行股票,379769,发行股票
64201,发行股票,380440,发行股票
212356,发行股票,378513,发行股票
64731,发行股票,376614,发行股票
128287,发行股票,377885,发行股票
116928,发行股票,378560,发行股票
196486,发行股票,377717,发行股票
112489,发行股票,375684,发行股票
112596,发行股票,380421,发行股票
199863,发行股票,381025,发行股票
72832,发行股票,375736,发行股票
46104,发行股票,378855,发行股票
129274,发行股票,376074,发行股票
129274,发行股票,376083,发行股票
199002,发行股票,378973,发行股票
150789,发行股票,377585,发行股票
87090,发行股票,378368,发行股票
161602,发行股票,378290,发行股票
85403,发行股票,379523,发行股票
44640,发行股票,379139,发行股票
38577,发行股票,380585,发行股票
177943,发行股票,375875,发行股票
49909,发行股票,380583,发行股票
104018,发行股票,375673,发行股票
66188,发行股票,376579,发行股票
210400,发行股票,381229,发行股票
51080,发行股票,379655,发行股票
115394,发行股票,379438,发行股票
38850,发行股票,380672,发行股票
86045,发行股票,377115,发行股票
201728,发行股票,379224,发行股票
71593,发行股票,379320,发行股票
116595,发行股票,380364,发行股票
116595,发行股票,377906,发行股票
120163,发行股票,381077,发行股票
142720,发行股票,379487,发行股票
105039,发行股票,379854,发行股票
105039,发行股票,377307,发行股票
87988,发行股票,379314,发行股票
24296,发行股票,377468,发行股票
224847,发行股票,376385,发行股票
37997,发行股票,380323,发行股票
152545,发行股票,376068,发行股票
130174,发行股票,377561,发行股票
103464,发行股票,376518,发行股票
185894,发行股票,379198,发行股票
76490,发行股票,379905,发行股票
8451,发行股票,381033,发行股票
19586,发行股票,379486,发行股票
81275,发行股票,375709,发行股票
42035,发行股票,380348,发行股票
42035,发行股票,377594,发行股票
190195,发行股票,376442,发行股票
106275,发行股票,376405,发行股票
31628,发行股票,380841,发行股票
101579,发行股票,379612,发行股票
104609,发行股票,380285,发行股票
104609,发行股票,379233,发行股票
162561,发行股票,379362,发行股票
64167,发行股票,379226,发行股票
1453,发行股票,377805,发行股票
100121,发行股票,378430,发行股票
161127,发行股票,377981,发行股票
17087,发行股票,376183,发行股票
1061,发行股票,381173,发行股票
134939,发行股票,376141,发行股票
161525,发行股票,379277,发行股票
44413,发行股票,380676,发行股票
128181,发行股票,376956,发行股票
209262,发行股票,379753,发行股票
6193,发行股票,376505,发行股票
150921,发行股票,376766,发行股票
118915,发行股票,377107,发行股票
82760,发行股票,375893,发行股票
84036,发行股票,378357,发行股票
161357,发行股票,379177,发行股票
176412,发行股票,380754,发行股票
160388,发行股票,380490,发行股票
188993,发行股票,379969,发行股票
196896,发行股票,380377,发行股票
30309,发行股票,375868,发行股票
85517,发行股票,375860,发行股票
202607,发行股票,379014,发行股票
197883,发行股票,380432,发行股票
136041,发行股票,376078,发行股票
141228,发行股票,380836,发行股票
202433,发行股票,377247,发行股票
112492,发行股票,378058,发行股票
21349,发行股票,380102,发行股票
193779,发行股票,378490,发行股票
216442,发行股票,380997,发行股票
204331,发行股票,380100,发行股票
160205,发行股票,379894,发行股票
27684,发行股票,377153,发行股票
214816,发行股票,379865,发行股票
100219,发行股票,378417,发行股票
189712,发行股票,375808,发行股票
104723,发行股票,380368,发行股票
152323,发行股票,380989,发行股票
63194,发行股票,376941,发行股票
31261,发行股票,376302,发行股票
139038,发行股票,377373,发行股票
148397,发行股票,377508,发行股票
123970,发行股票,378850,发行股票
156336,发行股票,376007,发行股票
192303,发行股票,380032,发行股票
167405,发行股票,379627,发行股票
42811,发行股票,381295,发行股票
15331,发行股票,379789,发行股票
106253,发行股票,378106,发行股票
110137,发行股票,379889,发行股票
49500,发行股票,379737,发行股票
1053,发行股票,379222,发行股票
162053,发行股票,376905,发行股票
199735,发行股票,377700,发行股票
55992,发行股票,377293,发行股票
149455,发行股票,380101,发行股票
140868,发行股票,378951,发行股票
196625,发行股票,376492,发行股票
121449,发行股票,376080,发行股票
129889,发行股票,380531,发行股票
150179,发行股票,379093,发行股票
85888,发行股票,381185,发行股票
150531,发行股票,377384,发行股票
11615,发行股票,380771,发行股票
163244,发行股票,380631,发行股票
126950,发行股票,376666,发行股票
96161,发行股票,377392,发行股票
234809,发行股票,378656,发行股票
49036,发行股票,380561,发行股票
104426,发行股票,377696,发行股票
155618,发行股票,379325,发行股票
107400,发行股票,377606,发行股票
190190,发行股票,378744,发行股票
44939,发行股票,379903,发行股票
237773,发行股票,378859,发行股票
237773,发行股票,375737,发行股票
14142,发行股票,378854,发行股票
163292,发行股票,379816,发行股票
130672,发行股票,378662,发行股票
148467,发行股票,378522,发行股票
106642,发行股票,378995,发行股票
80552,发行股票,379432,发行股票
190218,发行股票,381224,发行股票
100037,发行股票,376711,发行股票
989,发行股票,381104,发行股票
218003,发行股票,376971,发行股票
232886,发行股票,380332,发行股票
64794,发行股票,376958,发行股票
119639,发行股票,381052,发行股票
7486,发行股票,377801,发行股票
163300,发行股票,378969,发行股票
23728,发行股票,376143,发行股票
129868,发行股票,378093,发行股票
148362,发行股票,377475,发行股票
118596,发行股票,380952,发行股票
161256,发行股票,376747,发行股票
106947,发行股票,380342,发行股票
80845,发行股票,379834,发行股票
221754,发行股票,376542,发行股票
98435,发行股票,378608,发行股票
198876,发行股票,380003,发行股票
198876,发行股票,375674,发行股票
101885,发行股票,379779,发行股票
161952,发行股票,379750,发行股票
171366,发行股票,378947,发行股票
86560,发行股票,375918,发行股票
161672,发行股票,379066,发行股票
95838,发行股票,376814,发行股票
105847,发行股票,376545,发行股票
18634,发行股票,376147,发行股票
151528,发行股票,378873,发行股票
130290,发行股票,381066,发行股票
103894,发行股票,377448,发行股票
141932,发行股票,379333,发行股票
101857,发行股票,377351,发行股票
41247,发行股票,377707,发行股票
129231,发行股票,376105,发行股票
190650,发行股票,377582,发行股票
31719,发行股票,380867,发行股票
235044,发行股票,378948,发行股票
44658,发行股票,376539,发行股票
62282,发行股票,378352,发行股票
211977,发行股票,380812,发行股票
135714,发行股票,380391,发行股票
147086,发行股票,378161,发行股票
160707,发行股票,376387,发行股票
13511,发行股票,380062,发行股票
200399,发行股票,378554,发行股票
202567,发行股票,379808,发行股票
101456,发行股票,378566,发行股票
78574,发行股票,376717,发行股票
160276,发行股票,376308,发行股票
43933,发行股票,379382,发行股票
112749,发行股票,375830,发行股票
149609,发行股票,379976,发行股票
141543,发行股票,378983,发行股票
104312,发行股票,379611,发行股票
194308,发行股票,379138,发行股票
109645,发行股票,380455,发行股票
104835,发行股票,378805,发行股票
181148,发行股票,380354,发行股票
67238,发行股票,378892,发行股票
117639,发行股票,380625,发行股票
73028,发行股票,380252,发行股票
167916,发行股票,381169,发行股票
32275,发行股票,378185,发行股票
85461,发行股票,378945,发行股票
63943,发行股票,376250,发行股票
133168,发行股票,379422,发行股票
121491,发行股票,381247,发行股票
22026,发行股票,381213,发行股票
130186,发行股票,379830,发行股票
208854,发行股票,375963,发行股票
49107,发行股票,376463,发行股票
76178,发行股票,381181,发行股票
160651,发行股票,378862,发行股票
130107,发行股票,376494,发行股票
146406,发行股票,379682,发行股票
222788,发行股票,379369,发行股票
204737,发行股票,377137,发行股票
104956,发行股票,376738,发行股票
160411,发行股票,380935,发行股票
174435,发行股票,376084,发行股票
57428,发行股票,377376,发行股票
163162,发行股票,380461,发行股票
43984,发行股票,380362,发行股票
198513,发行股票,377063,发行股票
122900,发行股票,376272,发行股票
156229,发行股票,380256,发行股票
118817,发行股票,380076,发行股票
96796,发行股票,377081,发行股票
196693,发行股票,380343,发行股票
79365,发行股票,378612,发行股票
176037,发行股票,378088,发行股票
113590,发行股票,377537,发行股票
184020,发行股票,377218,发行股票
102728,发行股票,377024,发行股票
80935,发行股票,378487,发行股票
235842,发行股票,376443,发行股票
160936,发行股票,375765,发行股票
67772,发行股票,376657,发行股票
163408,发行股票,378318,发行股票
136270,发行股票,381148,发行股票
141297,发行股票,376429,发行股票
177726,发行股票,379272,发行股票
86492,发行股票,378708,发行股票
86492,发行股票,376837,发行股票
227610,发行股票,380959,发行股票
149015,发行股票,380022,发行股票
148078,发行股票,378040,发行股票
80741,发行股票,378192,发行股票
106540,发行股票,377576,发行股票
106540,发行股票,376900,发行股票
198217,发行股票,376135,发行股票
201584,发行股票,377592,发行股票
147887,发行股票,378492,发行股票
27652,发行股票,376864,发行股票
44328,发行股票,378404,发行股票
76480,发行股票,377229,发行股票
141935,发行股票,378249,发行股票
146353,发行股票,376000,发行股票
146353,发行股票,378583,发行股票
32377,发行股票,375851,发行股票
32377,发行股票,377579,发行股票
47301,发行股票,379764,发行股票
160231,发行股票,377990,发行股票
79701,发行股票,378278,发行股票
25295,发行股票,376393,发行股票
25266,发行股票,379118,发行股票
157683,发行股票,380612,发行股票
76546,发行股票,381135,发行股票
104601,发行股票,380683,发行股票
153796,发行股票,380107,发行股票
162985,发行股票,376557,发行股票
34834,发行股票,379510,发行股票
34834,发行股票,378661,发行股票
27884,发行股票,377149,发行股票
201596,发行股票,377254,发行股票
166270,发行股票,376306,发行股票
31022,发行股票,378171,发行股票
73938,发行股票,380859,发行股票
112331,发行股票,376480,发行股票
70597,发行股票,376312,发行股票
57835,发行股票,376872,发行股票
30721,发行股票,380148,发行股票
136139,发行股票,379533,发行股票
107884,发行股票,377329,发行股票
192948,发行股票,377597,发行股票
166069,发行股票,379319,发行股票
92875,发行股票,378607,发行股票
38223,发行股票,379940,发行股票
198535,发行股票,376498,发行股票
130265,发行股票,380314,发行股票
49897,发行股票,377411,发行股票
233843,发行股票,381242,发行股票
233843,发行股票,379240,发行股票
133988,发行股票,379303,发行股票
71312,发行股票,378495,发行股票
160205,发行股票,379894,发行股票
79304,发行股票,381057,发行股票
44530,发行股票,381264,发行股票
62652,发行股票,380991,发行股票
108727,发行股票,379072,发行股票
149510,发行股票,375796,发行股票
116416,发行股票,381219,发行股票
64533,发行股票,380393,发行股票
64533,发行股票,379760,发行股票
102697,发行股票,380759,发行股票
56667,发行股票,378938,发行股票
71523,发行股票,379212,发行股票
217105,发行股票,376090,发行股票
44237,发行股票,379700,发行股票
190224,发行股票,380732,发行股票
36315,发行股票,378157,发行股票
12995,发行股票,378752,发行股票
218597,发行股票,376561,发行股票
208379,发行股票,375836,发行股票
33670,发行股票,376728,发行股票
140811,发行股票,380282,发行股票
71130,发行股票,375670,发行股票
63219,发行股票,377790,发行股票
235899,发行股票,378251,发行股票
73974,发行股票,379133,发行股票
235028,发行股票,377375,发行股票
162391,发行股票,377673,发行股票
45734,发行股票,376336,发行股票
152197,发行股票,376322,发行股票
223542,发行股票,378704,发行股票
81360,发行股票,377277,发行股票
214571,发行股票,379679,发行股票
156162,发行股票,376508,发行股票
225667,发行股票,377230,发行股票
118165,发行股票,380234,发行股票
53111,发行股票,380131,发行股票
160410,发行股票,377679,发行股票
64476,发行股票,379621,发行股票
80634,发行股票,375969,发行股票
7465,发行股票,376701,发行股票
33709,发行股票,377092,发行股票
101749,发行股票,378100,发行股票
165967,发行股票,380816,发行股票
161822,发行股票,377923,发行股票
84091,发行股票,377486,发行股票
13823,发行股票,377612,发行股票
10776,发行股票,377053,发行股票
35638,发行股票,376987,发行股票
7401,发行股票,375802,发行股票
79652,发行股票,377572,发行股票
3382,发行股票,375809,发行股票
38511,发行股票,379264,发行股票
71612,发行股票,376137,发行股票
192612,发行股票,378292,发行股票
41308,发行股票,379006,发行股票
194319,发行股票,379609,发行股票
233338,发行股票,376150,发行股票
148231,发行股票,376715,发行股票
91287,发行股票,378275,发行股票
36454,发行股票,378369,发行股票
70770,发行股票,375738,发行股票
70716,发行股票,378019,发行股票
15446,发行股票,376488,发行股票
51554,发行股票,379653,发行股票
22257,发行股票,378471,发行股票
22257,发行股票,380403,发行股票
73627,发行股票,379784,发行股票
24728,发行股票,377795,发行股票
24728,发行股票,377879,发行股票
188804,发行股票,376371,发行股票
188804,发行股票,376188,发行股票
44012,发行股票,378170,发行股票
10499,发行股票,377260,发行股票
34820,发行股票,378548,发行股票
151706,发行股票,376781,发行股票
120637,发行股票,378791,发行股票
104491,发行股票,376262,发行股票
199071,发行股票,376797,发行股票
15305,发行股票,381101,发行股票
15305,发行股票,379841,发行股票
200859,发行股票,381212,发行股票
190271,发行股票,379121,发行股票
129604,发行股票,377477,发行股票
172272,发行股票,378099,发行股票
210931,发行股票,375677,发行股票
112287,发行股票,378309,发行股票
191034,发行股票,376025,发行股票
37257,发行股票,380960,发行股票
162050,发行股票,378755,发行股票
96760,发行股票,379380,发行股票
223162,发行股票,377695,发行股票
149414,发行股票,379223,发行股票
35945,发行股票,379052,发行股票
46038,发行股票,377338,发行股票
46928,发行股票,377529,发行股票
35677,发行股票,380035,发行股票
57574,发行股票,377269,发行股票
55719,发行股票,375919,发行股票
59071,发行股票,377288,发行股票
176682,发行股票,379540,发行股票
87550,发行股票,380594,发行股票
44685,发行股票,377036,发行股票
156246,发行股票,377949,发行股票
113877,发行股票,378039,发行股票
200758,发行股票,378082,发行股票
177213,发行股票,379154,发行股票
229101,发行股票,380496,发行股票
174139,发行股票,380653,发行股票
187148,发行股票,380015,发行股票
64120,发行股票,378086,发行股票
160213,发行股票,375871,发行股票
112183,发行股票,380299,发行股票
70729,发行股票,376244,发行股票
31531,发行股票,379516,发行股票
143041,发行股票,376300,发行股票
185477,发行股票,378500,发行股票
22308,发行股票,377796,发行股票
24704,发行股票,379657,发行股票
24704,发行股票,377438,发行股票
220796,发行股票,376862,发行股票
111964,发行股票,376466,发行股票
215744,发行股票,376749,发行股票
177394,发行股票,376885,发行股票
229875,发行股票,375901,发行股票
104201,发行股票,377226,发行股票
64718,发行股票,379663,发行股票
51152,发行股票,378416,发行股票
176014,发行股票,379971,发行股票
112550,发行股票,377109,发行股票
74474,发行股票,380717,发行股票
147377,发行股票,378390,发行股票
150557,发行股票,376258,发行股票
228956,发行股票,376910,发行股票
22603,发行股票,379765,发行股票
135939,发行股票,378999,发行股票
171390,发行股票,378800,发行股票
35824,发行股票,376654,发行股票
188025,发行股票,377263,发行股票
142711,发行股票,376856,发行股票
70199,发行股票,375703,发行股票
219922,发行股票,377813,发行股票
129318,发行股票,378547,发行股票
235150,发行股票,381254,发行股票
32048,发行股票,380780,发行股票
148611,发行股票,376978,发行股票
112161,发行股票,378001,发行股票
148314,发行股票,380340,发行股票
160480,发行股票,381261,发行股票
117843,发行股票,375658,发行股票
161351,发行股票,377694,发行股票
131785,发行股票,376870,发行股票
44606,发行股票,376547,发行股票
91643,发行股票,377021,发行股票
179749,发行股票,380823,发行股票
134605,发行股票,377816,发行股票
26805,发行股票,377683,发行股票
79667,发行股票,376052,发行股票
133181,发行股票,378724,发行股票
200391,发行股票,377208,发行股票
223412,发行股票,375925,发行股票
214803,发行股票,379806,发行股票
178301,发行股票,377535,发行股票
28273,发行股票,377242,发行股票
70394,发行股票,376177,发行股票
245046,发行股票,378746,发行股票
167290,发行股票,376850,发行股票
193334,发行股票,380600,发行股票
151761,发行股票,380865,发行股票
167880,发行股票,381196,发行股票
64189,发行股票,379058,发行股票
150877,发行股票,376059,发行股票
121040,发行股票,377523,发行股票
112909,发行股票,380384,发行股票
73411,发行股票,380813,发行股票
101592,发行股票,379624,发行股票
112561,发行股票,378132,发行股票
48529,发行股票,380382,发行股票
102922,发行股票,379358,发行股票
116429,发行股票,379228,发行股票
129410,发行股票,381250,发行股票
151479,发行股票,376662,发行股票
167366,发行股票,380410,发行股票
161410,发行股票,379531,发行股票
235128,发行股票,375957,发行股票
220468,发行股票,381251,发行股票
165943,发行股票,376915,发行股票
178787,发行股票,381235,发行股票
126712,发行股票,377011,发行股票
149279,发行股票,376798,发行股票
47217,发行股票,376626,发行股票
156470,发行股票,379937,发行股票
92893,发行股票,380713,发行股票
48486,发行股票,378523,发行股票
52573,发行股票,375621,发行股票
40496,发行股票,377257,发行股票
145999,发行股票,377562,发行股票
213614,发行股票,377909,发行股票
38369,发行股票,379875,发行股票
78864,发行股票,378860,发行股票
226873,发行股票,377595,发行股票
84885,发行股票,375718,发行股票
117563,发行股票,380185,发行股票
197238,发行股票,377684,发行股票
113660,发行股票,377743,发行股票
161106,发行股票,376554,发行股票
73184,发行股票,379842,发行股票
193781,发行股票,379570,发行股票
54458,发行股票,379868,发行股票
200231,发行股票,379081,发行股票
63572,发行股票,375656,发行股票
92891,发行股票,378064,发行股票
121859,发行股票,377634,发行股票
53450,发行股票,379767,发行股票
156970,发行股票,379250,发行股票
113717,发行股票,379768,发行股票
63332,发行股票,375818,发行股票
66590,发行股票,376631,发行股票
101874,发行股票,381030,发行股票
95637,发行股票,380052,发行股票
218585,发行股票,381004,发行股票
44241,发行股票,376924,发行股票
44524,发行股票,379132,发行股票
59021,发行股票,379522,发行股票
74796,发行股票,381179,发行股票
161803,发行股票,376594,发行股票
149776,发行股票,377095,发行股票
203288,发行股票,378367,发行股票
219455,发行股票,380975,发行股票
244697,发行股票,375631,发行股票
244697,发行股票,375928,发行股票
7085,发行股票,375980,发行股票
161011,发行股票,376745,发行股票
13932,发行股票,378159,发行股票
22247,发行股票,376890,发行股票
219970,发行股票,377739,发行股票
200854,发行股票,381053,发行股票
244838,发行股票,380708,发行股票
151221,发行股票,378202,发行股票
131848,发行股票,377847,发行股票
92182,发行股票,380535,发行股票
20196,发行股票,378851,发行股票
207655,发行股票,378335,发行股票
152875,发行股票,381309,发行股票
1855,发行股票,379016,发行股票
139644,发行股票,381112,发行股票
112819,发行股票,377040,发行股票
88902,发行股票,379797,发行股票
231983,发行股票,380005,发行股票
111802,发行股票,379920,发行股票
83754,发行股票,378026,发行股票
200337,发行股票,376790,发行股票
148257,发行股票,379804,发行股票
142106,发行股票,381133,发行股票
133400,发行股票,380617,发行股票
149251,发行股票,377416,发行股票
155025,发行股票,381081,发行股票
24236,发行股票,375626,发行股票
177608,发行股票,380002,发行股票
115169,发行股票,377680,发行股票
169254,发行股票,379955,发行股票
104773,发行股票,379898,发行股票
137612,发行股票,377887,发行股票
113662,发行股票,379892,发行股票
70834,发行股票,377407,发行股票
149115,发行股票,376888,发行股票
115496,发行股票,379686,发行股票
31607,发行股票,379420,发行股票
102106,发行股票,381131,发行股票
116081,发行股票,378802,发行股票
199969,发行股票,376523,发行股票
173443,发行股票,378044,发行股票
168123,发行股票,377261,发行股票
176267,发行股票,376420,发行股票
177964,发行股票,378875,发行股票
147630,发行股票,376461,发行股票
147065,发行股票,379661,发行股票
164729,发行股票,380310,发行股票
441,发行股票,380526,发行股票
179027,发行股票,379113,发行股票
109422,发行股票,379182,发行股票
103903,发行股票,378334,发行股票
182612,发行股票,377972,发行股票
63708,发行股票,377922,发行股票
165729,发行股票,380731,发行股票
148308,发行股票,380528,发行股票
60651,发行股票,380902,发行股票
196331,发行股票,378306,发行股票
175922,发行股票,380514,发行股票
93717,发行股票,377965,发行股票
101527,发行股票,378380,发行股票
37575,发行股票,378069,发行股票
142641,发行股票,380051,发行股票
197163,发行股票,377232,发行股票
131494,发行股票,380007,发行股票
109615,发行股票,379856,发行股票
178759,发行股票,375633,发行股票
105694,发行股票,379729,发行股票
121385,发行股票,379122,发行股票
199834,发行股票,380472,发行股票
30906,发行股票,378279,发行股票
104461,发行股票,376001,发行股票
106131,发行股票,379651,发行股票
86338,发行股票,379216,发行股票
61532,发行股票,378453,发行股票
153471,发行股票,376257,发行股票
193635,发行股票,379025,发行股票
31438,发行股票,377763,发行股票
31438,发行股票,380811,发行股票
66422,发行股票,377364,发行股票
231033,发行股票,378901,发行股票
132974,发行股票,380367,发行股票
182766,发行股票,377716,发行股票
167344,发行股票,376730,发行股票
161856,发行股票,380808,发行股票
68090,发行股票,376627,发行股票
225047,发行股票,380477,发行股票
5270,发行股票,380381,发行股票
25766,发行股票,377710,发行股票
183442,发行股票,381256,发行股票
232122,发行股票,376481,发行股票
95253,发行股票,380223,发行股票
149683,发行股票,376686,发行股票
113366,发行股票,378405,发行股票
148398,发行股票,379454,发行股票
34862,发行股票,377817,发行股票
138730,发行股票,378940,发行股票
16103,发行股票,380621,发行股票
79455,发行股票,377100,发行股票
181021,发行股票,375755,发行股票
183132,发行股票,377850,发行股票
235359,发行股票,378893,发行股票
224987,发行股票,379299,发行股票
178312,发行股票,378778,发行股票
123097,发行股票,375775,发行股票
66068,发行股票,377126,发行股票
184946,发行股票,378693,发行股票
212771,发行股票,376977,发行股票
150033,发行股票,376017,发行股票
161862,发行股票,378592,发行股票
176279,发行股票,377367,发行股票
168200,发行股票,378654,发行股票
234750,发行股票,379431,发行股票
148139,发行股票,376826,发行股票
46039,发行股票,381069,发行股票
146236,发行股票,379377,发行股票
50352,发行股票,378505,发行股票
139113,发行股票,380241,发行股票
171117,发行股票,380167,发行股票
130119,发行股票,379770,发行股票
204583,发行股票,377762,发行股票
214469,发行股票,376455,发行股票
169113,发行股票,378619,发行股票
112836,发行股票,376101,发行股票
183101,发行股票,375681,发行股票
177260,发行股票,378599,发行股票
178575,发行股票,377513,发行股票
54751,发行股票,375697,发行股票
115570,发行股票,379243,发行股票
113320,发行股票,377474,发行股票
185366,发行股票,380023,发行股票
212970,发行股票,376667,发行股票
86347,发行股票,376331,发行股票
4821,发行股票,377883,发行股票
173176,发行股票,381220,发行股票
198168,发行股票,380927,发行股票
211489,发行股票,379780,发行股票
113854,发行股票,379364,发行股票
205760,发行股票,380142,发行股票
107082,发行股票,380215,发行股票
147304,发行股票,380746,发行股票
199744,发行股票,378130,发行股票
221237,发行股票,379565,发行股票
197852,发行股票,381032,发行股票
161923,发行股票,379616,发行股票
27561,发行股票,375772,发行股票
27561,发行股票,378535,发行股票
160212,发行股票,376755,发行股票
8907,发行股票,375882,发行股票
63617,发行股票,378213,发行股票
151361,发行股票,378155,发行股票
149260,发行股票,377569,发行股票
29568,发行股票,376906,发行股票
93734,发行股票,380939,发行股票
63738,发行股票,381308,发行股票
64014,发行股票,380357,发行股票
40911,发行股票,378529,发行股票
201820,发行股票,377880,发行股票
139465,发行股票,378351,发行股票
171115,发行股票,376348,发行股票
67942,发行股票,378178,发行股票
192497,发行股票,380451,发行股票
198521,发行股票,379665,发行股票
177633,发行股票,379268,发行股票
625,发行股票,378642,发行股票
190780,发行股票,377811,发行股票
104891,发行股票,376064,发行股票
133379,发行股票,378439,发行股票
213623,发行股票,377252,发行股票
104882,发行股票,378218,发行股票
128301,发行股票,377030,发行股票
87115,发行股票,380945,发行股票
160772,发行股票,379107,发行股票
122887,发行股票,379315,发行股票
70731,发行股票,380219,发行股票
37071,发行股票,378924,发行股票
160217,发行股票,378457,发行股票
212558,发行股票,376391,发行股票
163205,发行股票,378837,发行股票
81736,发行股票,376863,发行股票
198470,发行股票,379949,发行股票
163552,发行股票,381114,发行股票
148293,发行股票,378031,发行股票
85969,发行股票,380956,发行股票
93399,发行股票,380645,发行股票
112338,发行股票,380563,发行股票
191803,发行股票,377262,发行股票
181004,发行股票,379128,发行股票
172744,发行股票,378631,发行股票
32351,发行股票,379991,发行股票
113553,发行股票,381120,发行股票
4845,发行股票,378382,发行股票
225145,发行股票,376077,发行股票
182866,发行股票,376500,发行股票
20751,发行股票,377760,发行股票
129321,发行股票,380929,发行股票
99762,发行股票,380884,发行股票
188863,发行股票,380586,发行股票
147977,发行股票,379168,发行股票
138211,发行股票,375951,发行股票
177930,发行股票,377643,发行股票
77298,发行股票,376671,发行股票
64099,发行股票,378328,发行股票
198778,发行股票,380287,发行股票
112536,发行股票,379430,发行股票
45919,发行股票,376576,发行股票
137022,发行股票,380199,发行股票
110989,发行股票,380345,发行股票
235151,发行股票,379994,发行股票
119624,发行股票,380958,发行股票
40386,发行股票,379279,发行股票
169486,发行股票,380475,发行股票
9402,发行股票,380738,发行股票
171334,发行股票,376643,发行股票
132103,发行股票,379880,发行股票
92822,发行股票,376388,发行股票
101652,发行股票,380704,发行股票
123305,发行股票,379112,发行股票
111654,发行股票,379363,发行股票
38812,发行股票,378680,发行股票
41241,发行股票,376836,发行股票
172786,发行股票,379450,发行股票
8487,发行股票,379983,发行股票
147903,发行股票,378515,发行股票
212483,发行股票,380722,发行股票
196974,发行股票,380553,发行股票
171297,发行股票,377547,发行股票
160662,发行股票,379945,发行股票
90679,发行股票,379701,发行股票
2768,发行股票,379149,发行股票
147363,发行股票,376506,发行股票
150798,发行股票,380276,发行股票
186698,发行股票,376170,发行股票
206924,发行股票,379878,发行股票
40504,发行股票,377929,发行股票
123463,发行股票,377515,发行股票
155159,发行股票,375911,发行股票
2820,发行股票,379263,发行股票
63641,发行股票,378186,发行股票
41545,发行股票,380548,发行股票
181294,发行股票,375776,发行股票
183713,发行股票,379448,发行股票
123039,发行股票,379379,发行股票
215326,发行股票,378549,发行股票
84172,发行股票,380755,发行股票
70196,发行股票,381048,发行股票
112141,发行股票,376372,发行股票
244754,发行股票,380574,发行股票
177243,发行股票,381296,发行股票
54300,发行股票,378841,发行股票
4603,发行股票,379805,发行股票
172979,发行股票,379465,发行股票
68395,发行股票,380195,发行股票
230760,发行股票,376166,发行股票
161086,发行股票,376664,发行股票
115160,发行股票,378840,发行股票
167664,发行股票,375666,发行股票
93968,发行股票,381335,发行股票
234458,发行股票,378902,发行股票
95877,发行股票,380724,发行股票
181214,发行股票,381233,发行股票
198607,发行股票,378957,发行股票
204140,发行股票,378559,发行股票
123642,发行股票,381063,发行股票
71779,发行股票,380930,发行股票
192670,发行股票,376969,发行股票
244898,发行股票,378446,发行股票
44499,发行股票,376544,发行股票
102681,发行股票,378129,发行股票
228518,发行股票,378112,发行股票
161630,发行股票,377167,发行股票
154503,发行股票,380162,发行股票
222507,发行股票,377871,发行股票
112132,发行股票,377905,发行股票
182438,发行股票,376199,发行股票
112567,发行股票,381138,发行股票
42729,发行股票,375953,发行股票
174693,发行股票,378721,发行股票
101414,发行股票,378824,发行股票
177764,发行股票,376242,发行股票
112658,发行股票,379235,发行股票
92455,发行股票,376311,发行股票
40011,发行股票,381141,发行股票
171220,发行股票,377650,发行股票
125371,发行股票,379776,发行股票
157020,发行股票,378071,发行股票
174962,发行股票,376452,发行股票
198458,发行股票,375926,发行股票
152749,发行股票,378460,发行股票
236423,发行股票,378733,发行股票
149220,发行股票,379580,发行股票
178307,发行股票,377135,发行股票
112147,发行股票,379419,发行股票
210391,发行股票,380447,发行股票
176479,发行股票,381147,发行股票
149041,发行股票,379488,发行股票
100363,发行股票,381188,发行股票
185452,发行股票,376992,发行股票
162030,发行股票,379916,发行股票
244632,发行股票,377233,发行股票
244632,发行股票,375769,发行股票
129859,发行股票,380422,发行股票
162280,发行股票,380419,发行股票
104598,发行股票,377457,发行股票
101833,发行股票,376342,发行股票
95187,发行股票,376197,发行股票
163354,发行股票,377026,发行股票
70265,发行股票,381326,发行股票
126109,发行股票,380228,发行股票
124364,发行股票,379740,发行股票
31589,发行股票,378427,发行股票
91887,发行股票,376803,发行股票
179342,发行股票,375659,发行股票
185461,发行股票,378720,发行股票
174810,发行股票,377932,发行股票
189415,发行股票,375686,发行股票
196911,发行股票,377403,发行股票
191186,发行股票,378655,发行股票
107483,发行股票,380921,发行股票
208959,发行股票,379961,发行股票
136483,发行股票,380693,发行股票
131844,发行股票,381275,发行股票
92806,发行股票,376228,发行股票
4627,发行股票,381182,发行股票
183019,发行股票,378332,发行股票
185876,发行股票,381163,发行股票
158712,发行股票,376318,发行股票
16567,发行股票,376983,发行股票
132100,发行股票,380428,发行股票
224190,发行股票,376724,发行股票
24667,发行股票,380017,发行股票
232520,发行股票,376291,发行股票
150817,发行股票,379000,发行股票
84177,发行股票,379220,发行股票
104173,发行股票,378636,发行股票
211789,发行股票,380700,发行股票
102948,发行股票,375960,发行股票
166272,发行股票,379271,发行股票
106736,发行股票,376792,发行股票
190616,发行股票,376935,发行股票
148260,发行股票,375982,发行股票
113623,发行股票,379852,发行股票
93681,发行股票,379388,发行股票
104569,发行股票,379607,发行股票
167860,发行股票,381093,发行股票
162975,发行股票,378199,发行股票
41881,发行股票,381082,发行股票
9377,发行股票,380171,发行股票
81570,发行股票,377581,发行股票
9383,发行股票,378794,发行股票
125543,发行股票,376038,发行股票
189623,发行股票,379812,发行股票
132077,发行股票,378458,发行股票
46004,发行股票,377368,发行股票
38796,发行股票,378081,发行股票
111893,发行股票,375803,发行股票
50377,发行股票,376854,发行股票
112263,发行股票,381284,发行股票
160413,发行股票,379381,发行股票
160654,发行股票,377087,发行股票
236018,发行股票,380327,发行股票
216214,发行股票,378276,发行股票
115990,发行股票,381002,发行股票
123086,发行股票,378571,发行股票
7620,发行股票,376685,发行股票
184150,发行股票,378651,发行股票
228637,发行股票,379453,发行股票
50144,发行股票,378256,发行股票
4238,发行股票,378745,发行股票
212475,发行股票,376649,发行股票
175081,发行股票,378979,发行股票
108795,发行股票,377256,发行股票
199232,发行股票,376310,发行股票
1787,发行股票,377433,发行股票
86516,发行股票,379891,发行股票
112685,发行股票,375792,发行股票
61950,发行股票,377129,发行股票
183353,发行股票,379219,发行股票
127989,发行股票,378702,发行股票
30905,发行股票,380467,发行股票
30905,发行股票,378815,发行股票
54817,发行股票,378227,发行股票
146070,发行股票,380425,发行股票
111649,发行股票,376056,发行股票
109900,发行股票,379160,发行股票
85542,发行股票,378469,发行股票
41130,发行股票,380268,发行股票
160971,发行股票,377563,发行股票
116817,发行股票,378767,发行股票
105263,发行股票,380592,发行股票
8500,发行股票,377744,发行股票
104520,发行股票,381290,发行股票
195285,发行股票,377677,发行股票
176911,发行股票,379739,发行股票
142325,发行股票,378421,发行股票
200827,发行股票,379492,发行股票
173471,发行股票,381071,发行股票
122852,发行股票,379236,发行股票
161930,发行股票,377647,发行股票
15531,发行股票,378985,发行股票
135318,发行股票,379664,发行股票
88043,发行股票,376394,发行股票
45744,发行股票,376191,发行股票
211723,发行股票,376049,发行股票
116805,发行股票,378131,发行股票
161255,发行股票,377830,发行股票
176815,发行股票,380712,发行股票
148794,发行股票,376568,发行股票
136471,发行股票,376230,发行股票
222997,发行股票,378813,发行股票
151685,发行股票,380109,发行股票
24642,发行股票,378114,发行股票
123281,发行股票,377919,发行股票
80081,发行股票,380318,发行股票
96313,发行股票,377976,发行股票
204187,发行股票,375657,发行股票
196465,发行股票,379288,发行股票
212435,发行股票,379207,发行股票
104696,发行股票,380312,发行股票
137779,发行股票,379055,发行股票
156777,发行股票,379569,发行股票
22222,发行股票,381009,发行股票
93726,发行股票,380331,发行股票
155971,发行股票,376018,发行股票
28018,发行股票,379305,发行股票
81228,发行股票,381145,发行股票
101381,发行股票,376632,发行股票
122880,发行股票,380448,发行股票
210945,发行股票,375682,发行股票
198180,发行股票,377316,发行股票
111633,发行股票,378168,发行股票
118879,发行股票,380518,发行股票
157295,发行股票,377064,发行股票
150578,发行股票,376039,发行股票
132952,发行股票,378047,发行股票
132952,发行股票,376160,发行股票
80697,发行股票,376744,发行股票
161915,发行股票,376023,发行股票
148820,发行股票,380508,发行股票
160307,发行股票,378524,发行股票
160307,发行股票,377977,发行股票
147308,发行股票,378392,发行股票
244820,发行股票,379560,发行股票
226397,发行股票,376412,发行股票
13281,发行股票,376268,发行股票
149724,发行股票,379239,发行股票
173320,发行股票,375784,发行股票
9584,发行股票,375924,发行股票
214131,发行股票,378407,发行股票
151142,发行股票,376869,发行股票
205779,发行股票,378665,发行股票
204850,发行股票,377838,发行股票
70480,发行股票,379669,发行股票
161745,发行股票,377527,发行股票
117294,发行股票,378032,发行股票
226845,发行股票,375894,发行股票
170582,发行股票,380197,发行股票
213595,发行股票,380749,发行股票
237088,发行股票,378635,发行股票
149125,发行股票,380216,发行股票
127255,发行股票,377346,发行股票
160254,发行股票,377470,发行股票
637,发行股票,380194,发行股票
232086,发行股票,381304,发行股票
189957,发行股票,380460,发行股票
183262,发行股票,376735,发行股票
173603,发行股票,379091,发行股票
44486,发行股票,376580,发行股票
234043,发行股票,376838,发行股票
39293,发行股票,380765,发行股票
70262,发行股票,376612,发行股票
88046,发行股票,381064,发行股票
176028,发行股票,378123,发行股票
210445,发行股票,379166,发行股票
68086,发行股票,381258,发行股票
100087,发行股票,381238,发行股票
201171,发行股票,375884,发行股票
148753,发行股票,381091,发行股票
32490,发行股票,379548,发行股票
122862,发行股票,380619,发行股票
100272,发行股票,380094,发行股票
160950,发行股票,379843,发行股票
142725,发行股票,375627,发行股票
128006,发行股票,376289,发行股票
172997,发行股票,378666,发行股票
117769,发行股票,378394,发行股票
133402,发行股票,379537,发行股票
148811,发行股票,376555,发行股票
217114,发行股票,378742,发行股票
112180,发行股票,376746,发行股票
57242,发行股票,377875,发行股票
111918,发行股票,377007,发行股票
148870,发行股票,377509,发行股票
161805,发行股票,376022,发行股票
4861,发行股票,377168,发行股票
49255,发行股票,375628,发行股票
24254,发行股票,380723,发行股票
149140,发行股票,378899,发行股票
161884,发行股票,375888,发行股票
193103,发行股票,377432,发行股票
176828,发行股票,378415,发行股票
178099,发行股票,380608,发行股票
43148,发行股票,376019,发行股票
26583,发行股票,381324,发行股票
117595,发行股票,380044,发行股票
160292,发行股票,375722,发行股票
42723,发行股票,379269,发行股票
232997,发行股票,377820,发行股票
65278,发行股票,379023,发行股票
12878,发行股票,379667,发行股票
150097,发行股票,376152,发行股票
87724,发行股票,380644,发行股票
203450,发行股票,380505,发行股票
141370,发行股票,376055,发行股票
32105,发行股票,380040,发行股票
264,发行股票,380978,发行股票
143904,发行股票,375974,发行股票
195511,发行股票,380039,发行股票
114623,发行股票,377148,发行股票
71349,发行股票,379620,发行股票
100384,发行股票,377926,发行股票
161623,发行股票,379189,发行股票
76460,发行股票,376123,发行股票
42389,发行股票,378972,发行股票
223423,发行股票,377930,发行股票
1162,发行股票,380297,发行股票
106895,发行股票,380449,发行股票
55249,发行股票,376196,发行股票
168158,发行股票,375976,发行股票
100845,发行股票,378280,发行股票
200848,发行股票,381325,发行股票
143028,发行股票,377320,发行股票
100552,发行股票,380640,发行股票
79392,发行股票,380418,发行股票
160264,发行股票,377997,发行股票
39242,发行股票,377687,发行股票
148096,发行股票,376092,发行股票
30273,发行股票,378928,发行股票
160695,发行股票,380800,发行股票
130401,发行股票,381130,发行股票
160564,发行股票,381164,发行股票
12181,发行股票,376414,发行股票
132984,发行股票,380064,发行股票
54302,发行股票,377510,发行股票
22337,发行股票,380842,发行股票
103425,发行股票,376567,发行股票
27949,发行股票,379441,发行股票
205286,发行股票,376497,发行股票
210702,发行股票,378167,发行股票
52619,发行股票,380488,发行股票
58794,发行股票,377619,发行股票
235148,发行股票,379952,发行股票
186697,发行股票,375996,发行股票
2199,发行股票,376827,发行股票
75837,发行股票,379229,发行股票
106451,发行股票,376793,发行股票
223176,发行股票,376266,发行股票
168117,发行股票,379623,发行股票
111653,发行股票,377503,发行股票
92689,发行股票,380954,发行股票
244671,发行股票,379313,发行股票
142990,发行股票,379642,发行股票
31038,发行股票,380341,发行股票
44686,发行股票,377531,发行股票
41322,发行股票,380079,发行股票
205406,发行股票,377835,发行股票
169084,发行股票,379886,发行股票
171263,发行股票,378118,发行股票
20695,发行股票,380513,发行股票
23934,发行股票,380638,发行股票
106598,发行股票,379720,发行股票
235734,发行股票,378134,发行股票
148754,发行股票,379592,发行股票
195543,发行股票,379825,发行股票
61743,发行股票,376436,发行股票
161897,发行股票,377443,发行股票
144651,发行股票,379436,发行股票
49414,发行股票,381008,发行股票
62174,发行股票,378603,发行股票
112307,发行股票,379405,发行股票
177247,发行股票,379442,发行股票
113478,发行股票,378675,发行股票
119764,发行股票,377736,发行股票
112241,发行股票,376050,发行股票
92626,发行股票,380782,发行股票
114968,发行股票,379754,发行股票
200338,发行股票,378395,发行股票
26587,发行股票,380211,发行股票
26587,发行股票,377797,发行股票
21095,发行股票,379134,发行股票
182608,发行股票,376655,发行股票
197206,发行股票,375764,发行股票
79494,发行股票,377445,发行股票
72458,发行股票,380453,发行股票
180827,发行股票,376060,发行股票
17550,发行股票,381128,发行股票
65844,发行股票,377039,发行股票
55786,发行股票,377331,发行股票
225714,发行股票,377251,发行股票
54624,发行股票,376139,发行股票
198469,发行股票,379026,发行股票
148064,发行股票,379948,发行股票
46095,发行股票,379353,发行股票
234078,发行股票,380858,发行股票
244678,发行股票,381049,发行股票
244678,发行股票,379582,发行股票
116680,发行股票,380825,发行股票
148235,发行股票,379634,发行股票
105097,发行股票,377118,发行股票
130720,发行股票,380309,发行股票
36052,发行股票,377692,发行股票
11631,发行股票,378845,发行股票
99067,发行股票,380300,发行股票
35951,发行股票,381015,发行股票
128032,发行股票,377134,发行股票
202765,发行股票,377488,发行股票
134597,发行股票,375704,发行股票
45827,发行股票,379049,发行股票
203696,发行股票,378315,发行股票
203454,发行股票,377757,发行股票
117420,发行股票,379577,发行股票
160922,发行股票,380144,发行股票
162059,发行股票,381253,发行股票
161143,发行股票,377191,发行股票
191615,发行股票,377774,发行股票
216790,发行股票,378273,发行股票
24872,发行股票,378578,发行股票
67892,发行股票,378633,发行股票
199167,发行股票,377437,发行股票
91864,发行股票,375645,发行股票
100957,发行股票,377961,发行股票
121503,发行股票,379045,发行股票
112526,发行股票,377697,发行股票
29156,发行股票,380620,发行股票
201600,发行股票,380554,发行股票
183444,发行股票,377383,发行股票
178268,发行股票,380603,发行股票
71140,发行股票,375827,发行股票
116110,发行股票,380333,发行股票
209783,发行股票,376220,发行股票
55604,发行股票,380877,发行股票
170887,发行股票,376757,发行股票
100211,发行股票,376710,发行股票
36282,发行股票,377730,发行股票
234917,发行股票,377370,发行股票
119103,发行股票,380235,发行股票
178204,发行股票,379100,发行股票
125604,发行股票,379708,发行股票
160648,发行股票,375780,发行股票
163359,发行股票,379343,发行股票
191754,发行股票,377086,发行股票
225822,发行股票,375642,发行股票
200448,发行股票,376719,发行股票
94801,发行股票,378406,发行股票
48560,发行股票,379581,发行股票
162829,发行股票,377809,发行股票
71199,发行股票,379818,发行股票
161249,发行股票,381211,发行股票
15922,发行股票,380150,发行股票
25226,发行股票,379605,发行股票
25226,发行股票,380120,发行股票
93502,发行股票,376096,发行股票
149446,发行股票,377413,发行股票
29147,发行股票,378210,发行股票
200224,发行股票,379262,发行股票
234193,发行股票,376180,发行股票
113431,发行股票,380155,发行股票
10384,发行股票,378179,发行股票
10384,发行股票,378954,发行股票
185649,发行股票,379345,发行股票
74631,发行股票,380770,发行股票
160248,发行股票,379165,发行股票
189333,发行股票,379202,发行股票
148010,发行股票,380715,发行股票
124646,发行股票,378293,发行股票
92902,发行股票,379980,发行股票
123412,发行股票,376006,发行股票
70732,发行股票,378397,发行股票
208966,发行股票,379029,发行股票
141118,发行股票,377073,发行股票
180627,发行股票,378786,发行股票
112846,发行股票,377591,发行股票
95975,发行股票,376316,发行股票
193099,发行股票,381058,发行股票
71020,发行股票,379809,发行股票
160670,发行股票,379390,发行股票
147106,发行股票,381014,发行股票
154890,发行股票,380217,发行股票
18022,发行股票,376740,发行股票
174468,发行股票,378697,发行股票
223377,发行股票,376179,发行股票
212657,发行股票,375950,发行股票
241415,发行股票,376379,发行股票
8066,发行股票,377936,发行股票
45003,发行股票,379083,发行股票
198323,发行股票,379710,发行股票
150693,发行股票,379732,发行股票
68603,发行股票,378002,发行股票
224409,发行股票,380690,发行股票
5612,发行股票,378216,发行股票
115974,发行股票,379341,发行股票
104630,发行股票,381200,发行股票
122923,发行股票,380180,发行股票
97955,发行股票,378024,发行股票
207624,发行股票,377426,发行股票
83821,发行股票,377340,发行股票
70248,发行股票,379544,发行股票
101887,发行股票,379085,发行股票
113514,发行股票,376739,发行股票
148350,发行股票,377400,发行股票
13884,发行股票,379074,发行股票
80505,发行股票,376707,发行股票
24431,发行股票,378964,发行股票
44668,发行股票,376887,发行股票
80826,发行股票,375862,发行股票
148047,发行股票,377222,发行股票
95042,发行股票,378545,发行股票
80748,发行股票,379925,发行股票
74795,发行股票,379498,发行股票
45659,发行股票,378200,发行股票
135951,发行股票,380820,发行股票
4292,发行股票,377800,发行股票
41194,发行股票,379691,发行股票
189936,发行股票,381068,发行股票
150562,发行股票,377397,发行股票
72666,发行股票,380947,发行股票
130170,发行股票,376417,发行股票
190536,发行股票,378552,发行股票
174748,发行股票,377117,发行股票
234916,发行股票,378431,发行股票
192555,发行股票,377101,发行股票
160641,发行股票,377004,发行股票
95322,发行股票,379444,发行股票
163084,发行股票,380527,发行股票
204956,发行股票,379111,发行股票
126509,发行股票,380907,发行股票
29144,发行股票,375643,发行股票
168691,发行股票,378222,发行股票
200277,发行股票,375757,发行股票
162969,发行股票,379206,发行股票
156000,发行股票,380087,发行股票
189601,发行股票,379957,发行股票
60236,发行股票,380267,发行股票
154458,发行股票,379468,发行股票
15396,发行股票,380321,发行股票
152823,发行股票,376263,发行股票
40489,发行股票,379587,发行股票
163321,发行股票,378289,发行股票
236972,发行股票,378384,发行股票
150188,发行股票,379259,发行股票
25623,发行股票,377654,发行股票
105079,发行股票,376216,发行股票
92774,发行股票,376684,发行股票
163657,发行股票,377408,发行股票
163657,发行股票,376031,发行股票
7640,发行股票,377630,发行股票
13207,发行股票,377964,发行股票
50706,发行股票,376931,发行股票
182004,发行股票,376293,发行股票
172248,发行股票,377478,发行股票
39398,发行股票,381060,发行股票
234802,发行股票,375690,发行股票
101216,发行股票,379490,发行股票
219882,发行股票,375889,发行股票
194119,发行股票,377186,发行股票
198321,发行股票,379671,发行股票
198321,发行股票,376876,发行股票
106102,发行股票,378976,发行股票
216207,发行股票,379608,发行股票
207249,发行股票,376482,发行股票
143019,发行股票,379068,发行股票
150815,发行股票,378789,发行股票
235337,发行股票,375717,发行股票
235035,发行股票,378145,发行股票
134159,发行股票,381126,发行股票
43296,发行股票,381328,发行股票
202788,发行股票,376984,发行股票
185967,发行股票,376552,发行股票
93752,发行股票,375730,发行股票
101047,发行股票,378585,发行股票
54447,发行股票,379428,发行股票
106053,发行股票,377959,发行股票
163362,发行股票,380827,发行股票
244650,发行股票,376235,发行股票
186123,发行股票,377465,发行股票
226813,发行股票,379497,发行股票
163158,发行股票,376939,发行股票
156575,发行股票,379204,发行股票
113608,发行股票,380916,发行股票
1060,发行股票,379744,发行股票
212076,发行股票,377434,发行股票
178273,发行股票,378853,发行股票
42562,发行股票,380289,发行股票
31158,发行股票,379736,发行股票
174345,发行股票,376149,发行股票
98103,发行股票,377823,发行股票
196786,发行股票,377899,发行股票
167281,发行股票,380803,发行股票
192288,发行股票,376340,发行股票
195616,发行股票,378496,发行股票
149847,发行股票,377737,发行股票
12908,发行股票,376609,发行股票
8052,发行股票,378009,发行股票
45796,发行股票,376706,发行股票
71124,发行股票,376967,发行股票
219337,发行股票,377963,发行股票
27903,发行股票,379336,发行股票
101317,发行股票,378317,发行股票
177200,发行股票,376275,发行股票
172336,发行股票,380660,发行股票
229652,发行股票,376629,发行股票
104458,发行股票,376515,发行股票
39036,发行股票,377980,发行股票
40638,发行股票,379373,发行股票
122690,发行股票,381076,发行股票
142164,发行股票,376370,发行股票
66054,发行股票,378016,发行股票
63997,发行股票,380798,发行股票
110022,发行股票,375735,发行股票
74502,发行股票,375966,发行股票
175918,发行股票,380188,发行股票
151769,发行股票,377745,发行股票
130319,发行股票,377565,发行股票
100861,发行股票,380792,发行股票
72303,发行股票,378138,发行股票
191735,发行股票,377748,发行股票
140078,发行股票,377721,发行股票
92511,发行股票,380993,发行股票
13743,发行股票,378667,发行股票
160674,发行股票,379109,发行股票
65393,发行股票,380853,发行股票
55540,发行股票,377752,发行股票
172288,发行股票,375948,发行股票
111627,发行股票,377593,发行股票
64013,发行股票,380074,发行股票
49679,发行股票,378988,发行股票
100350,发行股票,378897,发行股票
133431,发行股票,379567,发行股票
130269,发行股票,377866,发行股票
39071,发行股票,380787,发行股票
133755,发行股票,381044,发行股票
131627,发行股票,376254,发行股票
231391,发行股票,378242,发行股票
231391,发行股票,376091,发行股票
223355,发行股票,380995,发行股票
162504,发行股票,377240,发行股票
5231,发行股票,377858,发行股票
150658,发行股票,380245,发行股票
74912,发行股票,378233,发行股票
172670,发行股票,379588,发行股票
210589,发行股票,377893,发行股票
44608,发行股票,379906,发行股票
192006,发行股票,379599,发行股票
174227,发行股票,378480,发行股票
111845,发行股票,376789,发行股票
129634,发行股票,378488,发行股票
132676,发行股票,376005,发行股票
95073,发行股票,377023,发行股票
70382,发行股票,376251,发行股票
140999,发行股票,376168,发行股票
229818,发行股票,381265,发行股票
244700,发行股票,376773,发行股票
64824,发行股票,378268,发行股票
62332,发行股票,377379,发行股票
152396,发行股票,381291,发行股票
27986,发行股票,378729,发行股票
30660,发行股票,376501,发行股票
244667,发行股票,379513,发行股票
147795,发行股票,376409,发行股票
177580,发行股票,378971,发行股票
162403,发行股票,378935,发行股票
9649,发行股票,375906,发行股票
148533,发行股票,375825,发行股票
161643,发行股票,375883,发行股票
64078,发行股票,378581,发行股票
105522,发行股票,376396,发行股票
139795,发行股票,378937,发行股票
226865,发行股票,378414,发行股票
199886,发行股票,380487,发行股票
201926,发行股票,377777,发行股票
24460,发行股票,380275,发行股票
197937,发行股票,381017,发行股票
195506,发行股票,381107,发行股票
142730,发行股票,377385,发行股票
148984,发行股票,380301,发行股票
110884,发行股票,376155,发行股票
150104,发行股票,377238,发行股票
189611,发行股票,378156,发行股票
124503,发行股票,379635,发行股票
113501,发行股票,376486,发行股票
112261,发行股票,379781,发行股票
41306,发行股票,380734,发行股票
156309,发行股票,378649,发行股票
185692,发行股票,376651,发行股票
100925,发行股票,380068,发行股票
130751,发行股票,380610,发行股票
160355,发行股票,379467,发行股票
210867,发行股票,379001,发行股票
213326,发行股票,377504,发行股票
235110,发行股票,376703,发行股票
150102,发行股票,376487,发行股票
147306,发行股票,379923,发行股票
15089,发行股票,381210,发行股票
63168,发行股票,377931,发行股票
143440,发行股票,379018,发行股票
96888,发行股票,381122,发行股票
100611,发行股票,376918,发行股票
28188,发行股票,378158,发行股票
150463,发行股票,377689,发行股票
149160,发行股票,379763,发行股票
49354,发行股票,378208,发行股票
226863,发行股票,380948,发行股票
226863,发行股票,376108,发行股票
164534,发行股票,381271,发行股票
102918,发行股票,379933,发行股票
80346,发行股票,377544,发行股票
166747,发行股票,377699,发行股票
225184,发行股票,378350,发行股票
11967,发行股票,381021,发行股票
209533,发行股票,377843,发行股票
162874,发行股票,376532,发行股票
100915,发行股票,375707,发行股票
209294,发行股票,378128,发行股票
52033,发行股票,380489,发行股票
186727,发行股票,380961,发行股票
177525,发行股票,378713,发行股票
125942,发行股票,377934,发行股票
137274,发行股票,377056,发行股票
119758,发行股票,379644,发行股票
101140,发行股票,379874,发行股票
200293,发行股票,378189,发行股票
148067,发行股票,377755,发行股票
161873,发行股票,379684,发行股票
181274,发行股票,376976,发行股票
162089,发行股票,375763,发行股票
200450,发行股票,375653,发行股票
174378,发行股票,376585,发行股票
137150,发行股票,376851,发行股票
168138,发行股票,375733,发行股票
95682,发行股票,378181,发行股票
70573,发行股票,375810,发行股票
68640,发行股票,380864,发行股票
60792,发行股票,379404,发行股票
244812,发行股票,380962,发行股票
191961,发行股票,380315,发行股票
109087,发行股票,379027,发行股票
120650,发行股票,378577,发行股票
131092,发行股票,379296,发行股票
154068,发行股票,376383,发行股票
113704,发行股票,376317,发行股票
150956,发行股票,379541,发行股票
111675,发行股票,380817,发行股票
22004,发行股票,378078,发行股票
163652,发行股票,377061,发行股票
149488,发行股票,376237,发行股票
209925,发行股票,376503,发行股票
30997,发行股票,379755,发行股票
62751,发行股票,379547,发行股票
101322,发行股票,379839,发行股票
123037,发行股票,379629,发行股票
110063,发行股票,376650,发行股票
179922,发行股票,381199,发行股票
46853,发行股票,376917,发行股票
140616,发行股票,375975,发行股票
98470,发行股票,376104,发行股票
149268,发行股票,377394,发行股票
244712,发行股票,377070,发行股票
244712,发行股票,377874,发行股票
30305,发行股票,380325,发行股票
122175,发行股票,379205,发行股票
117175,发行股票,376613,发行股票
105862,发行股票,379895,发行股票
147153,发行股票,378811,发行股票
185010,发行股票,380286,发行股票
232235,发行股票,379676,发行股票
232235,发行股票,377213,发行股票
218598,发行股票,379648,发行股票
199007,发行股票,380764,发行股票
162966,发行股票,377841,发行股票
55937,发行股票,376048,发行股票
64208,发行股票,378442,发行股票
147380,发行股票,378204,发行股票
170049,发行股票,376929,发行股票
35680,发行股票,380172,发行股票
203575,发行股票,377713,发行股票
142297,发行股票,380912,发行股票
112488,发行股票,377999,发行股票
180630,发行股票,377779,发行股票
105579,发行股票,379141,发行股票
4103,发行股票,378264,发行股票
208184,发行股票,376815,发行股票
44552,发行股票,380651,发行股票
176971,发行股票,376447,发行股票
54782,发行股票,380783,发行股票
113375,发行股票,377521,发行股票
160583,发行股票,378241,发行股票
112389,发行股票,375759,发行股票
161062,发行股票,380560,发行股票
10169,发行股票,379549,发行股票
103988,发行股票,377459,发行股票
147113,发行股票,375940,发行股票
73559,发行股票,378641,发行股票
205103,发行股票,377466,发行股票
149758,发行股票,377860,发行股票
154550,发行股票,376624,发行股票
225838,发行股票,377271,发行股票
150833,发行股票,380757,发行股票
54699,发行股票,376625,发行股票
149725,发行股票,380831,发行股票
193282,发行股票,381333,发行股票
106058,发行股票,377421,发行股票
193053,发行股票,376846,发行股票
70557,发行股票,380437,发行股票
93554,发行股票,378519,发行股票
123197,发行股票,380900,发行股票
158919,发行股票,376670,发行股票
49951,发行股票,378956,发行股票
132959,发行股票,379977,发行股票
163473,发行股票,380876,发行股票
188807,发行股票,377667,发行股票
70315,发行股票,377678,发行股票
188836,发行股票,379678,发行股票
24689,发行股票,379603,发行股票
163366,发行股票,377672,发行股票
70605,发行股票,378372,发行股票
163134,发行股票,378562,发行股票
123095,发行股票,375967,发行股票
105560,发行股票,380161,发行股票
63173,发行股票,375828,发行股票
93762,发行股票,376008,发行股票
43188,发行股票,378274,发行股票
154115,发行股票,380940,发行股票
165963,发行股票,379564,发行股票
241432,发行股票,379130,发行股票
55269,发行股票,380654,发行股票
122205,发行股票,376282,发行股票
169500,发行股票,375847,发行股票
23308,发行股票,378638,发行股票
81532,发行股票,380178,发行股票
617,发行股票,377910,发行股票
70475,发行股票,378041,发行股票
143026,发行股票,381119,发行股票
148885,发行股票,381151,发行股票
190568,发行股票,376894,发行股票
161093,发行股票,380745,发行股票
88029,发行股票,380999,发行股票
87076,发行股票,379429,发行股票
128221,发行股票,379539,发行股票
111853,发行股票,376586,发行股票
112032,发行股票,378035,发行股票
162330,发行股票,381225,发行股票
176225,发行股票,378781,发行股票
195539,发行股票,377623,发行股票
207106,发行股票,378294,发行股票
52677,发行股票,376630,发行股票
146765,发行股票,378842,发行股票
93741,发行股票,380915,发行股票
187056,发行股票,380244,发行股票
131931,发行股票,376610,发行股票
38403,发行股票,379774,发行股票
116211,发行股票,375692,发行股票
76387,发行股票,378910,发行股票
198487,发行股票,380742,发行股票
141017,发行股票,380226,发行股票
95800,发行股票,377414,发行股票
189996,发行股票,376866,发行股票
161816,发行股票,376070,发行股票
195452,发行股票,376921,发行股票
236957,发行股票,377163,发行股票
160709,发行股票,375816,发行股票
98368,发行股票,380913,发行股票
185133,发行股票,377221,发行股票
214194,发行股票,375986,发行股票
172872,发行股票,378987,发行股票
153352,发行股票,376378,发行股票
122915,发行股票,376357,发行股票
184618,发行股票,377571,发行股票
231713,发行股票,380714,发行股票
38714,发行股票,380274,发行股票
188828,发行股票,380801,发行股票
210480,发行股票,380166,发行股票
64651,发行股票,376012,发行股票
106600,发行股票,377334,发行股票
71404,发行股票,376273,发行股票
210254,发行股票,379040,发行股票
217477,发行股票,376834,发行股票
217477,发行股票,379403,发行股票
152769,发行股票,377863,发行股票
86555,发行股票,377311,发行股票
96876,发行股票,380033,发行股票
214807,发行股票,378436,发行股票
147375,发行股票,380922,发行股票
16645,发行股票,375939,发行股票
136442,发行股票,378209,发行股票
223422,发行股票,378308,发行股票
156041,发行股票,381046,发行股票
214454,发行股票,380093,发行股票
226828,发行股票,379114,发行股票
109727,发行股票,375914,发行股票
150819,发行股票,380914,发行股票
104725,发行股票,376127,发行股票
231559,发行股票,377453,发行股票
80806,发行股票,380923,发行股票
177308,发行股票,378992,发行股票
162272,发行股票,379586,发行股票
22228,发行股票,380750,发行股票
63221,发行股票,375744,发行股票
48385,发行股票,376478,发行股票
102756,发行股票,379191,发行股票
138334,发行股票,379869,发行股票
154058,发行股票,377783,发行股票
148901,发行股票,376877,发行股票
25108,发行股票,375640,发行股票
25108,发行股票,378207,发行股票
149191,发行股票,376053,发行股票
70473,发行股票,377625,发行股票
221144,发行股票,376215,发行股票
244790,发行股票,379290,发行股票
244790,发行股票,376982,发行股票
163250,发行股票,379387,发行股票
185312,发行股票,376840,发行股票
175290,发行股票,379511,发行股票
132615,发行股票,380996,发行股票
193360,发行股票,380370,发行股票
148510,发行股票,379102,发行股票
191500,发行股票,376968,发行股票
141860,发行股票,380558,发行股票
197971,发行股票,379521,发行股票
172274,发行股票,378429,发行股票
222764,发行股票,376076,发行股票
79614,发行股票,378772,发行股票
244746,发行股票,377493,发行股票
244746,发行股票,376509,发行股票
228420,发行股票,379578,发行股票
203598,发行股票,376051,发行股票
5574,发行股票,379126,发行股票
17624,发行股票,377294,发行股票
85638,发行股票,378307,发行股票
55260,发行股票,376852,发行股票
41228,发行股票,376868,发行股票
193222,发行股票,378846,发行股票
189121,发行股票,377837,发行股票
86103,发行股票,375748,发行股票
162769,发行股票,375909,发行股票
86321,发行股票,378337,发行股票
122912,发行股票,380905,发行股票
141245,发行股票,377792,发行股票
198098,发行股票,380589,发行股票
37684,发行股票,377077,发行股票
161135,发行股票,381336,发行股票
76228,发行股票,377362,发行股票
71601,发行股票,380270,发行股票
93699,发行股票,380885,发行股票
122469,发行股票,380305,发行股票
92820,发行股票,380968,发行股票
113582,发行股票,376477,发行股票
41123,发行股票,379253,发行股票
131904,发行股票,377210,发行股票
848,发行股票,377317,发行股票
128086,发行股票,380259,发行股票
204384,发行股票,378827,发行股票
167291,发行股票,378684,发行股票
98989,发行股票,375745,发行股票
122207,发行股票,381239,发行股票
177018,发行股票,379472,发行股票
131110,发行股票,378738,发行股票
205860,发行股票,379096,发行股票
164993,发行股票,375750,发行股票
24442,发行股票,379716,发行股票
143912,发行股票,375942,发行股票
215258,发行股票,378410,发行股票
160726,发行股票,380728,发行股票
39796,发行股票,381012,发行股票
204863,发行股票,378008,发行股票
129281,发行股票,376165,发行股票
116924,发行股票,381175,发行股票
116924,发行股票,379162,发行股票
173031,发行股票,378459,发行股票
189324,发行股票,380145,发行股票
223373,发行股票,375865,发行股票
209310,发行股票,376392,发行股票
171048,发行股票,378965,发行股票
11062,发行股票,376723,发行股票
233605,发行股票,380883,发行股票
219595,发行股票,377203,发行股票
113371,发行股票,377313,发行股票
111931,发行股票,379245,发行股票
182001,发行股票,375845,发行股票
65518,发行股票,381037,发行股票
14800,发行股票,376211,发行股票
61818,发行股票,376805,发行股票
12928,发行股票,380938,发行股票
200489,发行股票,376350,发行股票
40586,发行股票,376290,发行股票
